,EPI,ECO,BDH,TBN,TBG,MPA,PAR,BHV,SPI,SHI,ECS,TCL,GRL,WTL,FSH,FSS,RMS,FTD,ACD,SDA,NXA,AGR,SPU,SNM,WRS,WWT,HLT,AIR,PMD,HAD,OZD,NOE,SOE,COE,VOE,H2O,USD,UWD,HMT,PBD,WMG,MSW,REC,OCP,PCC,CCH,CDA,CHA,FGA,NDA,BCA,GHN,LCB,GIB,GHP
Austria,66.50,73.90,86.00,100.00,100.00,NA,70.30,44.00,79.80,84.80,28.00,12.90,100.00,46.60,NA,NA,NA,NA,100.00,100.00,100.00,70.60,73.10,68.00,94.00,94.00,81.70,75.00,69.30,95.70,44.90,15.50,59.90,52.90,50.30,94.70,86.70,100.00,90.70,90.70,77.40,98.10,36.00,NA,50.30,50.30,54.30,70.50,89.90,69.20,100.00,31.40,78.20,54.10,22.20
Slovenia,67.30,72.70,84.50,100.00,100.00,NA,58.30,41.50,89.00,84.10,34.10,16.30,75.30,100.00,NA,NA,NA,NA,100.00,100.00,100.00,55.00,62.90,47.00,92.20,92.20,64.40,55.10,56.80,60.20,48.50,15.50,44.20,46.20,37.10,74.70,81.40,70.30,87.20,87.20,66.70,87.70,24.80,NA,62.90,62.90,67.20,68.50,76.80,75.60,100.00,57.90,27.80,70.20,31.10
United Arab Emirates,52.40,70.40,80.30,97.20,97.20,100.00,29.00,60.70,42.40,81.40,100.00,NA,NA,100.00,26.20,40.70,11.70,NA,59.20,57.70,60.60,17.40,21.10,13.70,92.10,92.10,49.40,41.70,3.40,100.00,20.40,NA,14.00,25.70,13.10,67.20,90.50,51.70,53.60,53.60,43.40,67.60,24.50,13.80,34.00,34.00,42.00,20.80,70.80,39.00,100.00,13.30,100.00,54.70,NA
Luxembourg,72.30,70.00,84.80,100.00,100.00,NA,74.80,41.80,92.00,NA,18.10,14.00,43.20,NA,NA,NA,NA,NA,100.00,100.00,100.00,55.90,69.60,42.20,98.00,98.00,86.70,81.00,77.50,100.00,51.20,14.80,66.20,53.40,58.00,98.70,100.00,97.80,95.10,95.10,79.10,97.60,42.00,NA,67.40,67.40,70.30,61.90,75.30,91.30,100.00,63.80,69.40,82.00,9.10
Malta,75.20,68.20,72.90,100.00,100.00,78.10,14.10,50.70,34.30,NA,100.00,100.00,NA,NA,47.80,32.50,100.00,0.50,100.00,100.00,100.00,28.30,NA,28.30,NA,NA,76.50,73.20,61.30,96.30,45.20,36.80,48.70,71.20,83.60,99.80,99.50,100.00,49.90,49.90,63.50,91.80,10.50,59.70,82.30,82.30,87.50,81.50,58.10,100.00,100.00,82.80,44.60,100.00,42.70
Germany,62.40,66.80,88.50,100.00,100.00,100.00,64.30,36.20,89.40,86.20,17.90,11.50,47.80,26.10,26.90,25.50,41.30,10.10,100.00,100.00,100.00,60.90,60.00,61.90,97.00,97.00,82.00,75.20,65.50,100.00,49.30,13.40,60.10,56.30,59.60,99.10,100.00,98.60,89.80,89.80,69.00,98.50,49.80,29.50,47.20,47.20,64.30,73.90,82.80,90.90,100.00,9.10,93.40,60.80,27.50
Slovakia,60.00,66.30,82.70,100.00,100.00,NA,50.00,35.60,90.40,86.50,19.90,12.30,49.90,35.10,NA,NA,NA,NA,100.00,100.00,100.00,68.00,67.10,68.80,44.70,44.70,59.00,50.90,35.40,74.60,52.80,17.20,35.70,52.30,47.00,71.90,82.80,64.60,68.40,68.40,62.20,86.80,13.20,NA,53.50,53.50,58.20,56.10,77.10,61.10,100.00,40.60,66.50,66.00,33.50
Croatia,60.20,65.60,81.50,100.00,100.00,79.40,47.80,33.50,90.10,89.00,34.40,20.80,50.40,100.00,26.00,59.20,4.00,11.70,100.00,100.00,100.00,68.90,72.40,65.40,69.00,69.00,55.70,45.80,39.10,58.00,41.60,20.80,40.40,50.30,35.40,70.30,80.70,63.30,74.20,74.20,55.30,77.30,20.00,46.70,56.60,56.60,56.10,70.10,74.60,78.20,100.00,49.90,46.10,58.00,40.90
Latvia,61.10,65.40,84.30,100.00,100.00,100.00,37.20,47.20,77.40,76.10,15.80,3.80,36.00,68.10,38.40,61.90,15.50,37.60,95.00,94.50,95.50,64.40,66.00,62.80,90.70,90.70,56.90,51.10,46.50,54.90,73.80,32.60,56.40,55.60,69.10,59.10,61.10,57.70,77.50,77.50,63.00,85.90,31.30,48.80,58.60,58.60,64.00,49.20,71.60,57.90,97.60,52.50,56.50,65.60,36.80
Romania,56.00,65.40,81.10,96.30,97.60,100.00,36.30,31.90,69.20,85.00,35.00,21.00,100.00,53.70,66.30,NA,100.00,22.90,95.90,100.00,91.90,53.80,41.80,65.70,25.70,25.70,45.20,39.20,33.20,44.50,66.80,20.30,37.70,54.30,48.40,56.00,56.80,55.40,50.80,50.80,45.60,69.50,13.00,30.30,51.30,51.30,61.40,52.60,54.60,80.90,100.00,31.20,63.00,82.40,44.50
Estonia,61.40,65.00,86.00,100.00,100.00,100.00,42.00,49.00,86.60,78.30,15.20,3.00,36.40,67.30,40.80,89.20,10.20,17.90,100.00,100.00,100.00,61.80,71.80,51.80,70.40,70.40,71.80,74.60,93.20,59.80,76.20,25.80,37.90,59.10,72.00,61.90,66.10,59.20,86.50,86.50,66.70,90.30,39.10,47.20,52.00,52.00,55.00,44.10,70.30,64.60,88.30,47.90,39.80,72.10,10.40
Hungary,55.10,65.00,78.00,100.00,100.00,NA,33.10,25.20,84.40,88.60,28.00,11.10,57.20,100.00,NA,NA,NA,NA,100.00,100.00,100.00,53.00,32.90,73.10,55.30,55.30,47.60,38.20,35.30,43.50,35.80,18.50,30.40,53.10,48.80,62.20,64.70,60.60,67.40,67.40,43.40,49.60,31.00,NA,48.10,48.10,49.60,90.00,60.80,46.30,100.00,31.80,41.80,60.40,37.20
Niger,37.70,64.70,77.10,90.80,89.80,NA,46.90,56.40,73.10,89.90,82.50,100.00,23.90,36.50,NA,NA,NA,NA,65.40,93.80,37.00,21.60,9.60,33.60,NA,NA,18.80,27.10,41.50,5.60,30.60,33.20,69.20,44.30,24.20,1.50,1.30,1.70,26.80,26.80,8.40,2.50,20.30,NA,17.90,17.90,5.40,3.30,NA,10.00,0.50,30.00,NA,42.50,82.70
Czech Republic,59.90,64.50,83.30,100.00,100.00,NA,52.50,38.60,89.40,87.10,19.10,1.80,42.50,100.00,NA,NA,NA,NA,100.00,100.00,100.00,37.40,16.00,58.70,61.50,61.50,63.50,53.30,42.00,74.00,43.40,13.00,40.20,48.30,54.40,76.50,93.50,65.20,75.50,75.50,74.90,93.70,37.30,NA,52.80,52.80,63.60,84.50,62.10,57.30,100.00,29.80,58.50,68.40,21.70
France,62.50,64.00,86.50,100.00,100.00,100.00,60.00,36.60,72.50,88.70,21.50,15.70,50.90,26.70,19.50,30.10,15.30,11.30,100.00,100.00,100.00,49.50,33.80,65.20,88.00,88.00,83.90,82.00,78.40,100.00,61.50,18.10,60.10,56.70,57.10,96.30,100.00,93.80,83.10,83.10,63.80,96.90,31.60,29.60,49.50,49.50,66.10,67.10,91.90,73.70,100.00,16.30,77.30,57.40,38.70
United Kingdom,77.70,62.30,81.50,98.40,97.90,100.00,53.10,36.80,31.80,92.10,23.60,11.10,64.80,57.80,17.00,31.10,8.90,9.20,100.00,100.00,100.00,45.00,35.80,54.30,99.00,99.00,83.90,78.60,71.00,100.00,68.30,10.80,48.60,62.00,71.50,100.00,100.00,100.00,93.60,93.60,62.60,96.00,34.20,24.40,91.50,91.50,97.50,71.80,82.40,71.00,100.00,100.00,55.30,84.70,38.50
Australia,60.10,62.30,82.10,90.90,90.40,100.00,45.80,56.40,72.80,87.40,20.10,NA,100.00,60.60,14.60,16.00,16.00,11.20,88.60,100.00,77.20,67.90,86.70,49.20,92.90,92.90,86.40,91.10,100.00,98.10,78.10,15.70,37.80,60.50,18.50,87.10,95.90,81.20,76.40,76.40,69.00,95.00,52.90,33.10,43.80,43.80,59.40,83.60,63.50,89.40,69.70,13.60,35.40,71.50,0.30
Finland,76.50,62.00,71.10,73.30,73.40,100.00,26.20,60.80,70.30,61.80,20.10,4.60,100.00,33.20,42.40,73.90,11.00,NA,100.00,100.00,100.00,62.70,73.10,52.40,100.00,100.00,93.40,93.50,100.00,100.00,79.60,13.10,68.60,64.50,77.60,100.00,100.00,100.00,100.00,100.00,69.60,98.30,35.40,46.50,83.60,83.60,88.70,72.50,92.00,95.50,100.00,88.40,49.10,70.50,18.50
Zimbabwe,46.20,61.70,83.70,99.70,99.10,NA,57.20,44.90,80.10,91.20,17.70,12.80,35.90,28.80,NA,NA,NA,NA,87.80,100.00,75.60,42.80,62.00,23.60,37.20,37.20,21.90,23.90,30.10,10.40,43.50,34.80,55.00,45.50,17.70,16.90,17.80,16.20,32.10,32.10,13.30,9.10,21.80,NA,41.90,41.90,29.30,55.10,NA,100.00,54.50,40.80,57.40,63.70,77.20
Botswana,54.00,61.40,89.30,100.00,100.00,NA,71.40,57.20,92.30,96.00,58.80,60.80,48.70,57.50,NA,NA,NA,NA,37.20,46.80,27.70,10.70,16.70,4.80,0.90,0.90,21.30,17.10,7.70,20.80,33.60,39.80,45.10,63.20,12.40,20.90,21.90,20.20,39.20,39.20,27.30,30.50,21.00,NA,63.10,63.10,10.70,100.00,NA,100.00,44.00,100.00,91.90,100.00,48.20
Denmark,77.90,61.30,76.90,84.80,84.80,100.00,37.50,34.40,76.00,93.50,16.40,10.30,41.80,27.10,10.90,17.90,5.10,9.50,100.00,100.00,100.00,75.70,78.40,73.00,100.00,100.00,85.50,80.50,74.60,100.00,45.80,24.10,66.40,65.20,81.20,97.50,99.90,95.80,100.00,100.00,68.30,99.40,35.40,39.10,92.40,92.40,100.00,57.50,100.00,67.00,100.00,100.00,72.00,88.60,34.40
Lithuania,55.90,61.00,84.40,99.70,99.70,100.00,35.70,41.20,83.70,90.80,21.90,6.90,87.20,46.70,13.40,NA,19.00,6.20,95.50,100.00,91.10,65.60,67.10,64.10,52.30,52.30,61.80,58.40,54.50,64.30,74.60,31.50,51.50,57.40,71.40,58.40,59.90,57.40,83.00,83.00,67.40,88.70,34.90,57.40,47.10,47.10,44.80,84.50,41.50,65.20,55.20,39.90,48.50,56.20,26.00
Sweden,72.70,60.60,68.80,62.60,64.50,100.00,35.80,60.60,76.30,70.00,29.30,5.70,100.00,100.00,15.30,15.80,19.80,8.90,100.00,100.00,100.00,74.00,84.40,63.60,100.00,100.00,93.10,94.00,100.00,100.00,68.50,32.30,75.40,66.50,77.60,98.60,99.60,97.90,96.90,96.90,70.80,99.40,39.70,44.80,75.40,75.40,87.20,68.50,96.00,100.00,100.00,63.80,56.60,83.40,40.40
Spain,56.60,60.30,85.80,100.00,100.00,100.00,51.70,32.80,80.80,90.20,13.40,8.60,33.60,21.80,16.40,20.30,21.30,5.00,100.00,100.00,100.00,31.80,27.30,36.20,91.10,91.10,78.10,74.00,79.60,80.80,40.20,21.30,44.10,63.00,45.50,96.90,100.00,94.80,70.50,70.50,61.40,94.00,27.70,29.70,41.30,41.30,52.70,50.30,100.00,67.60,100.00,16.60,25.60,53.60,38.10
Switzerland,65.90,60.20,62.50,57.90,68.00,NA,76.40,44.30,46.90,85.90,30.70,23.80,65.30,37.60,NA,NA,NA,NA,100.00,100.00,100.00,41.10,34.70,47.60,97.00,97.00,88.40,84.30,84.60,100.00,49.30,16.90,70.10,55.20,48.70,100.00,100.00,100.00,94.00,94.00,76.40,99.50,30.10,NA,60.50,60.50,71.60,50.70,81.40,84.60,100.00,44.50,74.90,65.60,46.80
Poland,50.60,60.00,87.30,100.00,100.00,100.00,53.30,37.00,91.00,92.60,17.70,9.10,60.80,26.30,11.00,9.70,16.60,5.60,99.60,100.00,99.20,42.70,28.00,57.40,61.50,61.50,53.00,40.40,32.90,49.40,51.80,18.60,34.10,55.70,64.20,71.80,80.80,65.70,64.50,64.50,63.70,87.00,38.30,42.70,38.80,38.80,52.20,70.10,35.40,70.10,100.00,9.90,46.80,64.30,22.50
Netherlands,62.60,60.00,80.10,99.80,93.50,100.00,47.40,30.20,44.20,78.20,24.40,20.40,45.90,26.60,13.00,8.80,20.30,8.90,100.00,100.00,100.00,29.30,18.70,40.00,100.00,100.00,83.30,76.80,68.10,100.00,50.50,13.50,62.20,60.40,70.00,100.00,100.00,100.00,94.10,94.10,66.20,99.60,28.30,37.50,54.50,54.50,65.70,97.80,94.30,43.10,100.00,26.30,70.70,60.70,20.80
Japan,57.20,59.60,80.80,100.00,100.00,100.00,24.20,44.20,62.00,68.80,26.80,23.70,34.50,37.90,15.60,5.60,27.10,13.70,100.00,100.00,100.00,33.40,10.90,55.90,74.80,74.80,82.50,78.90,73.80,100.00,63.80,13.40,33.50,51.60,43.50,95.10,100.00,91.80,100.00,100.00,52.80,92.70,11.50,14.20,41.20,41.20,63.00,82.50,51.30,100.00,100.00,0.0,59.80,46.50,24.70
Zambia,38.40,58.20,91.00,100.00,100.00,NA,79.80,61.50,90.60,91.80,19.90,11.50,36.80,53.60,NA,NA,NA,NA,32.20,27.70,36.60,53.20,69.80,36.60,4.50,4.50,21.20,23.60,28.60,12.60,36.40,37.60,43.90,46.60,12.80,13.50,13.90,13.20,41.70,41.70,6.90,4.10,12.60,NA,25.60,25.60,NA,39.70,59.40,68.90,32.00,33.70,39.10,53.80,73.90
Armenia,48.30,58.10,73.30,100.00,100.00,NA,15.80,43.00,50.30,92.40,59.70,58.20,28.70,100.00,NA,NA,NA,NA,39.20,27.30,51.00,45.50,33.30,57.60,4.50,4.50,40.70,32.10,12.40,56.70,28.10,20.90,33.50,53.20,43.10,57.30,50.70,61.70,50.20,50.20,37.50,49.50,13.50,NA,41.40,41.40,29.20,40.10,58.60,NA,30.60,47.50,100.00,40.00,59.40
Bulgaria,51.90,58.00,75.10,100.00,100.00,55.80,41.90,34.50,86.90,83.70,37.40,25.40,46.70,100.00,23.80,NA,40.20,2.60,100.00,100.00,100.00,55.80,48.00,63.60,13.90,13.90,43.20,28.60,19.10,38.00,48.60,19.40,15.40,53.70,40.90,68.40,84.00,58.00,45.20,45.20,58.80,84.00,29.80,37.60,49.80,49.80,60.00,58.10,26.40,50.20,100.00,36.90,43.50,63.20,32.80
New Zealand,56.70,57.90,76.60,91.30,91.30,100.00,28.20,37.60,53.90,81.30,26.90,11.30,47.60,100.00,7.40,5.80,10.90,4.80,76.00,78.90,73.10,64.90,72.20,57.50,79.90,79.90,84.90,93.20,100.00,96.90,71.30,46.30,44.40,100.00,54.30,80.40,89.20,74.50,74.60,74.60,60.90,89.50,22.00,42.80,40.40,40.40,42.20,56.80,58.00,66.00,84.80,27.60,50.40,58.90,7.30
Belgium,58.20,57.90,82.40,90.80,90.80,100.00,60.40,34.10,78.30,74.60,16.30,13.20,32.40,18.80,16.40,NA,19.50,12.30,100.00,100.00,100.00,33.10,18.90,47.30,68.20,68.20,77.90,74.60,64.70,100.00,48.60,10.60,52.50,54.30,67.00,93.60,94.50,93.00,66.60,66.60,68.00,98.30,31.70,43.60,48.10,48.10,55.50,55.50,74.80,99.40,100.00,27.20,85.90,52.30,21.50
Belize,50.00,57.80,91.90,99.30,96.60,100.00,96.80,50.40,89.90,36.30,29.70,6.30,100.00,100.00,20.70,NA,10.10,34.40,85.90,100.00,71.80,21.50,23.10,19.90,0.40,0.40,39.00,37.60,32.30,37.00,51.60,58.00,81.70,72.80,21.20,42.70,47.30,39.60,53.80,53.80,23.40,17.50,10.40,48.10,47.10,47.10,27.30,37.00,NA,10.10,62.70,72.40,41.20,23.50,59.30
Seychelles,55.60,57.80,76.10,100.00,100.00,100.00,7.50,44.30,31.20,NA,71.70,66.90,100.00,NA,20.30,27.10,13.50,NA,72.40,73.80,70.90,8.80,NA,8.80,19.50,19.50,54.20,54.80,31.20,71.80,66.10,94.20,97.50,95.00,100.00,51.50,60.00,45.80,67.80,67.80,44.40,42.10,24.40,69.10,53.90,53.90,31.50,31.90,NA,45.40,47.50,83.80,NA,47.00,48.00
Norway,59.30,57.60,71.20,82.10,83.30,44.10,81.10,70.40,58.90,92.70,30.80,13.60,100.00,64.20,39.70,33.20,71.90,6.50,100.00,100.00,100.00,25.50,11.80,39.30,64.30,64.30,92.20,92.40,100.00,100.00,62.20,21.30,51.60,63.30,57.90,100.00,100.00,100.00,93.00,93.00,70.70,98.80,35.30,50.10,43.90,43.90,49.30,45.30,93.20,72.20,100.00,30.10,39.80,47.10,12.50
Panama,50.50,57.50,83.70,94.10,90.90,100.00,61.90,43.30,71.10,80.40,22.80,14.30,47.70,49.00,33.20,58.40,5.90,35.70,89.60,100.00,79.20,33.20,40.90,25.60,23.10,23.10,49.00,51.90,55.90,47.10,66.50,33.20,63.70,66.20,32.60,43.60,46.40,41.70,56.80,56.80,38.60,55.20,14.20,29.70,43.50,43.50,30.70,49.50,NA,91.20,57.20,43.50,79.90,73.30,53.30
Italy,57.70,57.20,76.50,100.00,100.00,66.70,48.00,31.00,65.90,89.20,26.10,16.60,45.20,63.70,16.80,9.10,34.20,4.50,100.00,100.00,100.00,38.80,20.70,56.80,58.80,58.80,76.90,69.40,63.40,89.80,43.90,12.50,50.40,48.90,43.80,98.30,99.10,97.80,80.60,80.60,60.60,91.30,39.90,19.90,48.20,48.20,64.60,62.20,69.70,87.70,100.00,22.60,30.10,54.00,38.10
Central African Republic,44.90,55.90,80.20,97.00,97.00,NA,33.70,63.50,78.30,98.50,39.70,29.20,42.60,100.00,NA,NA,NA,NA,61.10,62.10,60.10,15.90,10.00,21.90,NA,NA,13.10,19.00,28.50,3.00,13.80,42.30,79.30,21.50,NA,NA,NA,NA,23.50,23.50,3.40,0.50,9.10,NA,49.50,49.50,50.40,50.30,NA,82.90,70.00,49.70,48.90,5.10,57.00
Tajikistan,37.10,55.70,57.60,64.00,75.50,NA,28.60,47.40,39.60,93.30,83.00,88.70,31.80,100.00,NA,NA,NA,NA,38.50,42.30,34.70,50.10,54.70,45.50,2.20,2.20,16.60,12.20,NA,20.60,24.00,24.40,36.80,48.50,34.10,30.90,29.80,31.70,15.30,15.30,6.40,2.70,13.90,NA,27.30,27.30,NA,5.60,100.00,31.90,43.00,38.50,100.00,33.10,82.80
Belarus,48.50,55.40,66.90,80.30,80.30,NA,27.30,42.00,78.20,91.40,17.70,8.40,58.70,32.70,NA,NA,NA,NA,97.80,100.00,95.60,36.40,26.90,45.90,55.80,55.80,51.10,46.10,25.60,70.10,62.10,26.90,50.10,62.30,65.50,60.50,60.20,60.70,57.00,57.00,49.10,64.20,19.00,NA,39.60,39.60,50.60,43.70,59.70,20.80,100.00,24.90,37.60,29.30,21.10
Brazil,43.60,55.20,78.20,87.30,80.00,100.00,51.70,54.20,70.30,45.80,17.10,10.20,33.90,41.40,22.30,39.20,13.50,11.70,70.40,66.90,73.90,56.50,48.00,65.00,52.40,52.40,46.00,44.90,50.30,42.10,41.20,26.20,42.80,54.50,14.10,46.20,47.70,45.20,58.20,58.20,38.70,73.10,2.80,5.80,29.60,29.60,42.90,44.40,82.20,59.50,100.00,0.0,33.10,24.40,43.20
Bhutan,42.50,54.90,79.60,100.00,100.00,NA,37.70,39.40,75.40,96.60,33.30,35.60,44.90,8.20,NA,NA,NA,NA,45.40,31.90,58.90,37.30,24.40,50.20,NA,NA,27.20,19.60,21.70,18.70,2.90,22.90,42.30,3.20,13.00,31.20,30.80,31.50,42.60,42.60,43.40,64.30,1.70,NA,36.80,36.80,NA,61.90,NA,71.20,53.90,61.40,45.70,44.40,56.60
Sao Tome and Principe,52.90,54.50,59.10,100.00,100.00,NA,29.60,48.20,NA,NA,100.00,NA,NA,100.00,19.70,20.10,15.90,23.90,55.60,55.60,55.70,18.20,NA,18.20,10.90,10.90,30.10,26.80,22.00,16.10,27.80,95.90,100.00,69.90,88.30,35.30,37.10,34.10,44.30,44.30,20.40,3.20,16.90,58.10,63.20,63.20,40.30,23.10,NA,30.70,56.40,96.30,NA,53.50,100.00
Cyprus,58.00,54.20,78.30,100.00,100.00,85.20,33.40,35.50,87.50,NA,32.50,21.80,100.00,29.00,6.20,9.20,NA,10.20,92.50,85.10,100.00,13.90,NA,27.70,50.00,50.00,73.80,68.30,52.70,97.00,36.50,45.50,38.50,67.30,40.90,94.00,97.40,91.70,68.60,68.60,58.90,82.40,17.60,53.40,53.80,53.80,51.00,51.10,64.90,77.50,100.00,57.50,18.10,46.60,36.80
Malawi,40.60,54.10,82.40,100.00,100.00,NA,53.90,42.90,72.30,92.90,15.00,10.00,18.90,41.50,NA,NA,NA,NA,62.70,66.30,59.20,36.70,34.40,39.00,NA,NA,26.70,35.70,55.30,9.50,46.30,35.30,65.00,39.30,16.00,12.10,12.00,12.10,36.80,36.80,3.50,0.50,9.60,NA,33.10,33.10,27.00,6.10,NA,NA,57.90,42.40,27.00,23.30,100.00
Greece,56.20,53.90,69.10,100.00,100.00,40.50,33.70,33.50,68.80,89.70,28.10,23.50,45.10,38.50,15.60,4.50,34.50,5.80,78.70,80.20,77.10,38.90,25.10,52.60,81.70,81.70,71.50,62.00,51.40,83.40,46.20,25.00,36.50,59.80,45.60,98.20,95.40,100.00,68.60,68.60,59.90,90.50,22.40,36.30,50.80,50.80,55.80,62.50,78.10,96.10,100.00,33.90,74.10,43.80,32.50
Mexico,45.50,53.70,69.80,80.50,85.20,100.00,19.20,44.20,30.00,67.90,32.70,13.50,81.20,100.00,19.80,34.50,11.60,11.30,90.10,80.10,100.00,50.60,62.40,38.80,25.20,25.20,40.90,34.20,34.40,39.40,38.80,9.20,NA,28.50,10.40,52.90,57.20,50.00,45.10,45.10,43.50,74.60,9.60,15.20,38.90,38.90,57.00,48.70,75.80,62.80,100.00,5.30,48.70,60.80,42.30
Iceland,62.80,53.40,57.00,81.00,81.00,4.00,53.60,74.00,44.80,100.00,77.40,NA,65.20,89.60,19.20,24.20,22.90,8.10,95.80,91.50,100.00,18.50,NA,18.50,15.30,15.30,94.70,96.00,100.00,100.00,65.80,63.80,84.50,73.70,95.60,100.00,100.00,100.00,95.10,95.10,73.90,91.90,55.50,56.40,56.40,56.40,49.10,50.30,68.70,60.90,100.00,62.40,NA,66.20,16.40
Gabon,49.70,53.30,85.10,89.90,95.20,100.00,45.20,65.90,87.40,96.60,37.70,28.30,31.30,100.00,7.00,2.60,12.80,5.20,66.10,73.10,59.20,26.20,31.80,20.60,NA,NA,29.40,25.70,5.80,42.10,52.60,49.90,71.00,42.30,8.00,27.70,28.40,27.20,53.40,53.40,30.50,28.10,22.40,43.50,56.30,56.30,50.30,88.00,60.60,49.70,65.20,56.20,26.30,81.20,34.80
Bolivia,40.10,52.90,82.60,97.10,96.70,NA,63.00,57.60,66.80,75.20,13.00,9.50,27.90,19.40,NA,NA,NA,NA,22.30,0,44.50,66.10,63.30,68.90,3.50,3.50,35.80,30.00,26.10,28.40,42.40,50.10,93.60,53.00,NA,40.10,42.50,38.50,43.00,43.00,50.00,57.80,34.40,NA,28.30,28.30,22.70,34.60,66.00,64.10,57.50,19.20,60.00,49.10,25.70
Kiribati,49.00,52.70,72.60,100.00,100.00,100.00,NA,46.80,NA,NA,NA,NA,NA,NA,21.50,39.10,3.90,NA,64.90,35.70,94.10,26.50,NA,26.50,4.50,4.50,27.20,32.10,38.80,6.70,26.10,100.00,100.00,100.00,100.00,16.30,17.50,15.60,36.50,36.50,18.20,0.80,15.40,55.70,56.30,56.30,17.90,27.40,NA,49.20,99.60,99.00,NA,27.80,96.30
Canada,50.00,52.50,62.90,63.20,67.80,65.40,28.30,78.60,78.10,81.30,29.80,14.50,52.00,100.00,12.80,17.50,11.90,8.00,100.00,100.00,100.00,42.10,16.90,67.30,67.40,67.40,85.90,88.00,92.20,100.00,56.30,19.10,41.00,56.40,57.90,88.10,83.90,90.90,95.60,95.60,59.50,92.30,23.10,30.20,28.20,28.20,40.80,37.70,73.50,65.20,100.00,0.0,51.00,37.80,2.50
Bahamas,56.20,52.10,80.40,100.00,100.00,71.30,68.40,55.20,38.50,99.40,25.10,9.40,69.30,75.30,16.30,21.20,11.50,NA,88.10,100.00,76.20,14.00,NA,14.00,17.40,17.40,54.00,54.50,38.60,67.10,70.40,65.70,69.70,86.10,86.20,55.00,65.80,47.80,66.30,66.30,36.20,36.50,24.90,46.80,61.80,61.80,58.40,39.30,NA,100.00,87.30,75.80,2.80,51.60,40.40
Venezuela,46.40,52.00,71.50,100.00,100.00,11.40,72.90,56.80,86.50,89.20,33.60,20.10,48.20,100.00,27.70,35.20,16.10,33.10,74.00,75.60,72.30,43.60,64.40,22.90,6.40,6.40,42.90,46.70,25.10,74.40,59.20,30.50,60.60,58.20,10.50,46.80,51.60,43.60,42.50,42.50,12.10,6.50,21.30,14.00,42.10,42.10,54.50,50.80,74.50,72.90,100.00,22.30,51.20,NA,40.30
Dominican Republic,42.20,51.80,80.70,91.50,99.00,100.00,49.60,38.50,51.20,64.80,16.90,9.50,49.20,29.00,51.40,78.50,24.30,NA,54.90,54.30,55.50,23.30,22.40,24.20,5.80,5.80,33.00,33.50,26.40,37.70,67.10,20.50,57.30,62.50,29.60,39.00,44.70,35.20,29.50,29.50,18.20,21.10,11.60,18.90,36.50,36.50,32.60,34.10,NA,51.90,56.20,33.10,44.70,66.10,56.90
United States of America,51.10,51.40,60.60,55.50,63.40,100.00,14.80,46.30,44.50,84.00,20.10,9.80,52.50,50.00,17.20,27.10,13.00,10.00,100.00,100.00,100.00,61.40,50.90,71.90,58.90,58.90,76.80,77.00,74.60,97.20,36.70,15.20,34.70,54.90,34.80,86.10,81.40,89.30,75.10,75.10,54.30,96.00,14.80,10.50,37.20,37.20,57.80,53.30,81.70,73.60,100.00,0.0,50.70,61.20,5.70
Namibia,50.90,51.30,73.90,100.00,100.00,16.80,81.00,57.40,87.20,86.50,39.10,30.60,56.30,72.80,26.50,62.20,6.20,6.50,76.70,86.40,66.90,14.80,18.00,11.50,5.00,5.00,24.20,22.20,17.90,20.40,28.40,44.70,67.40,61.00,12.60,19.70,20.80,18.90,43.90,43.90,26.50,18.60,19.60,49.00,64.60,64.60,18.70,100.00,61.40,100.00,13.90,100.00,76.80,99.60,52.60
Guinea-Bissau,40.20,51.20,76.20,100.00,100.00,53.10,51.80,48.30,81.60,69.50,28.30,4.40,100.00,100.00,33.00,72.90,5.70,16.80,62.90,58.20,67.70,34.10,40.70,27.50,NA,NA,16.60,19.40,24.20,6.60,31.30,45.20,51.10,45.90,14.20,6.80,7.00,6.60,28.00,28.00,14.30,0.40,10.10,46.20,40.50,40.50,18.10,30.50,NA,56.70,62.60,63.40,NA,48.70,82.80
Chile,46.70,51.20,61.30,61.10,44.70,100.00,32.10,64.50,39.00,88.40,28.40,12.60,100.00,51.80,23.30,NA,11.80,38.10,74.60,100.00,49.10,47.40,54.70,40.20,71.90,71.90,58.00,48.40,46.40,59.10,65.80,6.00,0.10,8.20,28.20,68.10,70.10,66.80,96.80,96.80,46.40,75.70,1.00,33.50,35.80,35.80,39.90,56.20,29.60,84.50,51.10,22.70,32.30,47.50,41.10
Saint Vincent and the Grenadines,53.20,51.10,45.60,68.40,63.70,2.10,70.20,29.50,27.50,NA,51.90,35.90,100.00,100.00,72.50,NA,100.00,37.20,91.50,100.00,83.00,35.40,NA,35.40,14.00,14.00,42.50,42.70,23.30,49.70,100.00,76.90,73.00,90.60,90.90,43.60,47.40,41.10,34.20,34.20,47.40,55.60,13.30,65.00,61.00,61.00,32.30,47.20,59.30,100.00,81.50,90.00,94.40,22.80,63.50
Ireland,57.40,50.90,59.60,82.90,82.90,21.30,42.50,40.20,72.70,96.90,17.40,7.80,56.40,35.80,18.20,25.90,13.10,14.90,95.40,100.00,90.70,48.70,50.00,47.30,87.00,87.00,88.30,89.10,88.00,100.00,84.00,34.40,59.60,71.00,84.70,97.40,93.50,100.00,81.80,81.80,67.90,93.90,42.40,41.40,48.20,48.20,53.10,38.50,87.10,65.70,100.00,32.90,55.90,100.00,17.50
Colombia,42.40,49.60,77.40,86.00,79.40,100.00,60.70,55.80,41.10,69.10,30.60,16.00,48.80,100.00,6.60,9.60,3.60,NA,52.00,55.90,48.20,31.20,40.00,22.30,25.90,25.90,50.30,44.00,43.10,45.80,66.20,25.90,57.70,41.50,10.60,55.90,64.60,50.10,61.10,61.10,60.30,89.10,28.50,34.40,30.20,30.20,30.80,44.00,44.10,72.00,57.70,14.80,50.20,49.40,53.70
Portugal,50.40,49.60,70.50,100.00,100.00,43.30,41.60,35.00,68.60,73.00,8.60,NA,32.70,35.70,14.70,2.80,33.00,6.60,100.00,100.00,100.00,23.50,24.70,22.30,59.20,59.20,76.60,78.10,83.00,85.20,54.70,21.00,44.50,66.40,49.10,83.50,80.30,85.70,64.60,64.60,62.50,94.60,23.50,37.50,37.60,37.60,48.90,50.20,45.40,74.00,100.00,23.20,0.20,15.40,29.60
Burkina Faso,35.50,49.60,78.50,96.00,96.00,NA,44.40,28.50,89.20,85.70,9.70,3.50,33.60,22.80,NA,NA,NA,NA,45.60,56.10,35.20,40.60,41.60,39.70,NA,NA,20.90,26.10,37.20,6.30,40.00,38.90,76.00,46.60,15.70,7.80,7.70,7.90,29.10,29.10,16.70,13.60,23.00,NA,27.60,27.60,2.20,26.30,NA,49.40,57.90,34.40,100.00,60.90,82.80
Uganda,35.80,49.20,75.80,95.20,95.30,NA,35.00,40.70,71.50,86.90,14.60,8.80,22.20,41.40,NA,NA,NA,NA,63.20,77.70,48.80,21.30,4.00,38.70,0.40,0.40,24.90,27.40,40.80,11.40,36.10,29.90,24.40,14.40,4.10,17.60,17.50,17.70,41.30,41.30,13.20,7.70,24.10,NA,26.80,26.80,15.40,22.40,NA,44.20,52.00,29.80,16.80,53.30,96.10
Ecuador,46.50,49.20,75.20,91.00,77.40,100.00,43.10,49.60,40.20,74.40,25.80,21.00,37.00,43.90,19.20,22.70,15.70,NA,79.90,100.00,59.70,23.10,17.10,29.20,NA,NA,46.90,44.10,38.80,49.70,69.80,27.20,69.90,47.80,14.50,50.30,55.60,46.70,62.30,62.30,38.50,49.30,28.00,27.50,43.20,43.20,41.20,58.50,60.20,99.90,77.90,30.70,62.40,50.70,55.20
Comoros,42.50,49.10,53.90,100.00,100.00,0.70,14.00,50.10,38.50,NA,35.50,24.80,100.00,NA,78.40,56.70,100.00,NA,59.20,55.80,62.60,37.30,NA,37.30,10.10,10.10,31.10,38.40,48.20,11.70,63.70,76.30,89.80,89.00,87.50,15.20,15.00,15.40,46.40,46.40,15.50,0.40,10.10,51.30,41.20,41.20,9.00,21.30,58.90,53.60,61.40,76.40,NA,24.90,98.60
Paraguay,40.90,48.90,64.30,82.90,84.10,NA,37.80,51.50,40.50,NA,14.10,5.20,44.90,36.30,NA,NA,NA,NA,64.50,100.00,29.10,69.40,60.90,77.90,0.70,0.70,44.90,43.30,52.90,30.50,49.80,41.60,83.80,51.40,NA,47.60,51.00,45.20,50.60,50.60,41.00,52.50,18.10,NA,30.10,30.10,17.20,36.80,NA,47.00,31.20,33.10,67.70,50.90,42.70
South Korea,46.90,48.80,61.00,98.30,98.30,17.20,19.70,41.60,61.10,78.80,17.70,16.40,13.00,30.80,12.80,14.10,16.60,6.50,84.30,100.00,68.60,44.10,36.40,51.70,76.80,76.80,73.30,62.90,47.20,100.00,44.40,NA,NA,NA,19.90,90.80,100.00,84.60,88.40,88.40,72.00,97.90,67.10,24.90,30.90,30.90,42.00,40.30,87.20,67.10,100.00,1.70,53.10,49.90,16.60
North Macedonia,54.30,48.70,57.90,62.90,77.40,NA,37.00,38.30,40.40,76.50,24.00,23.30,27.20,24.50,NA,NA,NA,NA,100.00,100.00,100.00,41.90,42.90,40.90,0.80,0.80,36.50,22.60,8.20,34.40,56.90,21.00,19.80,55.20,38.50,61.10,65.40,58.30,46.10,46.10,42.10,60.80,4.90,NA,69.80,69.80,74.80,62.80,63.80,76.20,60.20,65.00,100.00,77.80,47.20
Kazakhstan,40.90,48.10,48.60,56.30,52.80,NA,15.00,48.90,56.10,97.20,40.10,42.50,30.20,35.30,NA,NA,NA,NA,64.70,65.50,63.90,60.50,75.30,45.60,27.50,27.50,37.50,28.60,17.40,40.50,23.90,25.10,33.30,60.20,53.30,55.20,54.00,56.00,52.20,52.20,27.70,39.60,3.80,NA,34.90,34.90,45.70,30.70,74.50,45.30,72.20,10.20,100.00,60.40,5.20
Ukraine,49.60,48.00,61.70,75.30,76.00,69.30,15.70,30.10,67.30,84.20,23.30,11.10,63.80,55.70,23.70,27.40,29.60,11.40,94.60,100.00,89.30,44.70,10.00,79.50,14.10,14.10,43.60,35.90,21.70,50.80,53.80,21.00,34.60,59.90,63.40,55.20,55.20,55.10,68.40,68.40,32.00,51.50,4.50,20.40,54.70,54.70,67.10,59.00,37.80,63.80,86.80,39.10,46.70,81.30,42.20
Saudi Arabia,37.90,47.70,29.30,28.00,28.00,20.70,15.10,58.00,31.30,97.50,100.00,100.00,NA,100.00,19.50,36.70,8.10,12.00,57.40,58.80,56.10,59.40,54.40,64.30,37.70,37.70,42.40,32.80,NA,75.70,31.10,14.90,6.40,51.30,42.50,59.30,71.80,51.00,34.90,34.90,60.30,91.00,18.80,40.40,24.80,24.80,41.40,24.50,62.70,40.80,100.00,0.20,NA,46.10,1.60
Kuwait,42.40,47.10,60.00,98.40,98.40,1.20,15.20,53.20,82.60,91.70,29.00,NA,NA,29.00,18.60,NA,18.60,NA,71.60,73.90,69.40,39.50,34.00,44.90,43.10,43.10,51.50,47.00,14.70,97.90,46.90,NA,NA,18.30,11.20,67.50,82.90,57.20,56.10,56.10,32.30,49.50,15.40,14.60,32.30,32.30,39.90,32.90,71.50,37.90,83.70,19.30,NA,28.60,NA
Serbia,43.90,47.00,46.70,50.90,50.90,NA,31.00,30.70,53.00,86.80,39.70,26.20,60.10,100.00,NA,NA,NA,NA,99.30,98.60,100.00,45.30,20.70,69.90,0.70,0.70,41.60,29.40,19.00,38.60,56.70,23.30,22.80,53.10,38.50,65.60,73.30,60.50,50.40,50.40,40.30,59.90,1.00,NA,41.70,41.70,47.30,45.10,60.70,100.00,100.00,27.50,45.40,41.20,20.00
Laos,30.70,46.90,74.90,100.00,100.00,NA,30.50,47.00,65.40,7.00,17.20,0.80,32.40,100.00,NA,NA,NA,NA,13.30,20.60,6.00,49.10,29.10,69.20,NA,NA,24.20,22.60,33.50,9.50,28.00,23.90,46.10,NA,NA,26.60,27.20,26.10,34.10,34.10,16.70,17.50,15.10,NA,16.20,16.20,NA,24.00,NA,41.00,67.10,25.30,14.00,NA,45.90
Suriname,45.90,46.60,59.50,57.50,84.40,NA,100.00,77.90,59.60,92.00,33.10,27.80,45.00,53.00,40.90,53.00,28.80,NA,52.10,55.30,48.90,42.20,24.90,59.40,13.20,13.20,36.00,36.90,21.40,39.20,100.00,84.40,86.10,81.10,22.00,39.40,45.40,35.40,42.60,42.60,15.90,0.50,16.90,45.60,50.30,50.30,37.80,45.80,100.00,66.10,91.60,61.80,27.50,20.50,36.50
Taiwan,45.30,46.40,58.00,100.00,100.00,8.40,23.40,38.80,39.20,70.00,28.10,30.90,22.40,16.60,25.30,42.60,16.20,14.70,100.00,100.00,100.00,33.80,14.20,53.40,6.50,6.50,56.70,46.20,40.70,60.90,50.20,NA,10.30,30.30,36.40,72.40,80.20,67.20,72.80,72.80,59.20,95.50,13.80,32.00,38.10,38.10,47.10,40.80,89.00,71.40,100.00,13.40,76.60,48.00,17.40
Costa Rica,46.30,46.40,68.50,99.10,98.10,24.30,66.60,41.30,54.40,73.00,22.90,17.70,30.60,46.30,17.50,17.30,17.70,NA,84.20,100.00,68.50,21.80,24.20,19.40,7.20,7.20,55.40,51.40,51.20,53.70,64.60,26.80,51.40,68.20,22.30,66.20,82.50,55.30,53.10,53.10,52.50,77.50,5.40,49.50,41.50,41.50,31.10,32.80,59.90,52.20,78.00,43.40,76.90,43.20,61.00
Dem. Rep. Congo,36.90,46.10,68.60,80.60,79.80,NA,32.00,67.30,65.90,78.20,17.40,11.50,38.00,32.70,NA,NA,NA,NA,56.40,60.20,52.60,26.40,21.10,31.70,0.10,0.10,21.10,25.10,38.00,9.90,23.50,33.00,28.80,14.10,NA,13.60,13.90,13.40,35.50,35.50,4.10,3.00,6.40,NA,35.10,35.10,45.20,7.30,NA,63.60,16.90,25.40,20.60,61.30,100.00
Cote d'Ivoire,32.80,46.00,58.20,100.00,98.10,1.00,34.80,40.90,NA,32.70,55.50,NA,11.10,100.00,29.30,45.70,25.80,12.50,52.50,69.00,36.00,19.70,7.30,32.00,1.20,1.20,19.80,18.20,16.60,10.80,38.70,47.70,69.20,41.80,13.90,17.30,17.70,17.00,44.20,44.20,11.00,5.10,13.30,20.40,25.10,25.10,NA,28.70,NA,69.00,85.40,33.80,20.10,66.50,93.70
Mongolia,29.60,45.90,67.70,80.60,77.90,NA,26.40,52.50,81.40,93.90,31.20,23.60,58.30,49.90,NA,NA,NA,NA,32.60,2.20,63.00,22.70,30.00,15.40,3.30,3.30,23.80,14.90,0.50,22.80,44.80,29.90,24.90,61.60,56.10,43.20,42.30,43.80,32.60,32.60,15.70,17.00,13.00,NA,14.60,14.60,NA,NA,42.20,3.40,52.00,18.10,100.00,27.60,NA
Ethiopia,31.80,45.60,59.20,77.30,64.60,NA,30.20,39.60,52.60,95.50,27.60,25.10,40.50,29.20,NA,NA,NA,NA,43.60,50.80,36.30,56.90,60.40,53.30,0.10,0.10,25.30,33.70,52.20,10.70,35.90,30.20,70.60,24.40,13.00,11.00,10.60,11.30,35.20,35.20,5.00,1.00,12.80,NA,19.90,19.90,NA,27.10,59.00,38.80,52.30,14.80,48.20,95.30,86.20
Republic of Congo,40.10,45.60,67.50,98.30,98.30,NA,60.20,67.50,86.40,93.30,26.50,20.40,31.40,57.90,14.90,NA,10.10,21.00,62.70,72.30,53.00,34.50,34.70,34.30,8.80,8.80,19.70,16.70,10.10,18.70,32.30,42.30,50.70,25.70,NA,14.60,14.90,14.50,44.40,44.40,23.70,21.70,17.20,34.00,44.90,44.90,43.80,57.60,59.00,62.90,55.70,46.10,8.10,16.70,54.20
Albania,47.10,45.50,63.90,100.00,100.00,14.70,41.00,34.80,63.60,82.20,24.20,22.90,24.20,31.80,17.30,NA,30.20,0.80,90.20,100.00,80.40,28.90,20.20,37.60,1.90,1.90,40.00,37.50,36.70,34.50,63.70,29.50,43.30,61.50,46.90,54.10,59.60,50.30,45.50,45.50,13.40,0.50,20.50,32.10,52.50,52.50,42.30,50.10,59.40,76.90,100.00,53.90,87.30,49.60,61.50
Peru,39.80,45.20,54.50,85.80,82.30,1.60,42.80,59.90,45.20,74.90,27.60,18.40,33.90,77.00,45.20,96.00,9.00,26.60,56.00,62.00,49.90,30.70,24.20,37.10,41.00,41.00,43.10,41.50,40.40,40.30,77.10,28.90,56.60,54.50,11.80,43.10,43.70,42.80,67.40,67.40,27.70,42.00,9.20,17.40,32.20,32.20,27.60,37.70,60.20,63.70,94.00,22.00,39.10,47.50,62.80
Tanzania,34.20,45.20,70.10,99.40,98.90,9.60,86.70,45.60,68.80,83.80,18.80,12.60,41.20,33.70,19.10,27.50,10.80,NA,64.40,74.40,54.30,31.10,18.20,44.00,2.90,2.90,28.20,33.20,46.40,10.70,50.80,49.10,72.00,56.10,18.90,18.50,18.60,18.40,43.00,43.00,10.40,2.80,12.30,23.40,25.30,25.30,10.60,28.00,NA,51.80,55.20,23.10,56.70,70.40,84.80
Montenegro,46.90,44.70,52.60,73.60,86.10,0.60,54.40,42.10,46.00,75.90,36.70,24.10,48.90,100.00,14.40,NA,19.70,7.50,100.00,100.00,100.00,34.70,50.20,19.20,8.40,8.40,41.30,30.70,22.40,34.70,58.60,34.10,43.50,61.50,41.70,65.60,78.80,56.80,64.40,64.40,15.50,5.40,6.40,44.60,52.30,52.30,54.70,31.80,39.10,62.80,100.00,56.50,45.20,33.70,30.60
Mozambique,31.70,44.50,65.20,95.00,97.70,3.40,60.00,53.70,76.00,91.10,15.80,10.20,36.90,27.80,57.10,98.90,15.30,NA,25.60,51.20,NA,30.40,26.40,34.40,20.00,20.00,28.30,37.90,59.00,7.20,50.10,46.40,81.40,60.90,17.10,16.40,16.30,16.50,23.30,23.30,9.80,1.00,5.20,31.90,19.30,19.30,NA,NA,55.90,79.70,NA,27.80,49.80,34.80,86.90
Azerbaijan,38.60,44.40,46.20,50.70,62.20,NA,10.80,29.20,50.70,96.00,58.10,64.60,29.00,48.60,NA,NA,NA,NA,31.90,8.40,55.40,51.40,38.40,64.30,3.90,3.90,30.70,22.10,2.00,40.60,35.50,32.70,38.90,59.40,42.70,45.60,44.30,46.50,40.40,40.40,30.80,39.00,14.40,NA,36.40,36.40,32.90,41.60,54.40,36.50,64.60,28.90,100.00,22.20,42.10
South Africa,37.20,44.20,54.70,43.40,46.40,100.00,24.10,41.20,36.80,95.10,14.40,5.80,41.40,38.80,29.90,30.30,45.90,8.80,74.60,71.30,77.90,61.10,67.80,54.40,21.70,21.70,28.10,22.20,13.10,36.10,41.10,0.40,3.10,NA,19.40,24.70,26.70,23.40,58.10,58.10,39.20,55.60,28.20,17.30,34.10,34.10,54.60,47.60,36.40,90.00,22.60,7.90,27.30,49.70,25.10
Equatorial Guinea,44.80,44.10,62.50,100.00,100.00,1.90,31.80,61.00,70.00,82.20,29.10,18.10,100.00,24.60,21.90,32.50,22.50,7.60,69.80,66.60,72.90,25.40,22.70,28.10,1.20,1.20,29.50,22.90,7.50,32.70,39.30,59.20,65.10,48.40,16.90,33.20,38.60,29.60,39.50,39.50,46.50,49.50,23.90,63.10,53.60,53.60,58.90,55.30,NA,87.50,83.40,52.60,33.20,18.30,19.00
Trinidad and Tobago,47.80,44.00,65.30,99.40,98.80,0.40,100.00,51.40,35.20,NA,36.00,21.70,58.10,100.00,16.50,16.60,18.20,14.10,69.40,63.80,75.10,4.10,2.90,5.20,3.00,3.00,52.70,54.30,21.20,88.90,100.00,39.50,80.60,85.40,53.20,53.40,60.90,48.50,81.10,81.10,13.30,5.70,16.20,25.60,49.30,49.30,55.90,60.80,NA,65.90,82.00,37.70,77.20,45.40,NA
Egypt,35.50,43.70,42.50,75.40,42.40,10.30,18.90,63.50,41.40,97.00,55.10,48.30,100.00,51.30,10.60,17.20,8.10,5.20,73.80,84.50,63.20,38.60,24.20,53.00,42.00,42.00,31.50,34.60,NA,84.40,26.80,0.90,4.60,15.10,39.00,36.70,36.70,36.70,13.10,13.10,19.80,24.20,26.60,4.30,28.50,28.50,33.40,53.40,71.60,63.80,51.90,8.20,NA,49.90,59.20
Antigua and Barbuda,52.40,43.60,54.20,88.70,84.80,2.60,53.70,34.00,39.10,NA,39.50,19.40,100.00,100.00,19.70,30.40,9.00,NA,93.20,100.00,86.50,5.10,NA,5.10,15.70,15.70,55.80,56.50,37.10,69.30,100.00,77.20,62.20,91.60,91.40,50.10,57.40,45.20,59.80,59.80,62.30,75.20,15.30,83.70,60.20,60.20,37.40,50.20,60.90,79.00,69.00,83.50,88.60,48.00,40.00
Moldova,42.70,42.90,49.80,62.30,63.50,NA,13.10,26.60,53.60,80.70,33.50,20.70,44.20,100.00,NA,NA,NA,NA,63.30,63.20,63.40,36.00,21.10,50.80,9.20,9.20,42.00,40.50,33.90,46.60,56.70,29.00,31.00,62.10,62.60,50.00,48.90,50.80,54.00,54.00,17.70,8.20,36.90,NA,42.90,42.90,33.90,54.70,51.70,21.60,48.80,51.20,NA,52.20,59.40
Israel,48.20,42.50,39.70,76.90,51.10,0.30,17.70,39.40,39.90,77.00,42.20,23.00,100.00,99.70,27.60,NA,45.80,4.20,58.50,100.00,17.10,28.80,22.70,34.90,81.70,81.70,76.00,68.00,56.90,99.80,44.00,NA,NA,13.70,41.00,92.90,91.50,93.80,91.10,91.10,62.70,92.00,30.40,36.60,39.80,39.80,55.80,0.40,34.10,64.10,95.20,27.10,42.40,59.70,26.20
Singapore,50.90,42.50,25.30,29.20,29.20,NA,5.00,78.10,53.40,NA,5.00,5.00,NA,NA,100.00,NA,100.00,NA,100.00,100.00,100.00,22.00,24.20,19.70,100.00,100.00,77.00,69.20,56.00,99.30,60.90,20.10,7.90,23.50,31.10,93.30,100.00,88.90,84.50,84.50,71.70,99.30,51.70,36.40,46.50,46.50,60.80,11.50,63.60,100.00,62.60,38.20,NA,77.80,25.70
Chad,28.10,42.30,62.40,68.10,77.40,NA,27.60,52.20,65.70,91.40,9.00,3.60,25.00,25.80,NA,NA,NA,NA,63.90,69.00,58.70,28.40,18.00,38.70,NA,NA,16.70,24.30,34.60,5.50,30.50,43.20,88.10,48.80,NA,NA,NA,NA,28.60,28.60,5.10,2.00,11.10,NA,18.50,18.50,18.30,NA,NA,4.40,57.20,20.80,20.30,NA,47.70
Bahrain,42.00,42.30,15.30,14.70,14.70,10.30,2.00,69.70,NA,NA,100.00,NA,NA,100.00,12.90,NA,17.60,6.80,59.70,57.40,62.00,33.20,NA,33.20,88.00,88.00,45.30,34.70,6.30,76.90,25.00,0.60,10.30,32.80,25.90,56.60,66.50,50.10,58.00,58.00,62.40,90.30,14.10,54.80,39.90,39.90,50.90,16.00,80.00,24.70,67.00,30.90,NA,53.40,NA
Iraq,27.80,41.60,28.30,8.60,49.80,NA,4.30,50.60,17.80,98.10,70.20,77.70,48.00,47.60,NA,NA,NA,NA,56.30,53.10,59.50,51.40,65.30,37.40,13.10,13.10,35.00,31.80,NA,75.20,42.70,4.00,12.00,19.70,22.90,49.70,55.50,45.90,29.10,29.10,21.10,23.90,15.40,NA,8.80,8.80,1.90,NA,74.60,55.70,92.30,0.70,14.20,9.70,26.60
Togo,34.00,41.10,59.20,98.40,98.40,NA,41.10,37.20,49.70,92.40,22.40,8.70,26.80,100.00,7.10,NA,2.30,13.30,72.60,87.50,57.80,39.20,38.70,39.80,NA,NA,18.20,21.00,25.10,10.80,28.80,36.70,60.30,32.00,21.90,5.20,5.60,4.90,43.10,43.10,10.30,2.30,3.50,32.90,34.40,34.40,17.40,24.60,NA,43.50,43.20,47.50,21.00,56.00,90.80
Uzbekistan,38.20,41.00,33.80,33.80,43.50,NA,9.50,45.60,22.80,75.30,61.70,64.50,49.80,57.00,NA,NA,NA,NA,56.60,29.40,83.70,47.20,46.90,47.50,NA,NA,26.50,16.70,NA,32.70,36.90,6.70,30.80,51.00,39.50,52.10,49.20,54.00,27.30,27.30,15.90,8.10,31.60,NA,41.30,41.30,51.60,41.10,51.40,30.10,100.00,18.80,56.00,93.80,43.20
Nicaragua,37.70,40.90,60.10,86.80,88.30,8.80,71.50,45.40,66.50,NA,19.70,2.60,41.80,100.00,14.40,23.10,5.80,NA,69.20,81.70,56.70,31.90,39.80,24.10,NA,NA,37.10,38.20,46.90,24.10,54.50,44.50,41.60,73.10,14.30,42.90,43.90,42.20,34.00,34.00,19.30,16.00,15.00,30.40,34.50,34.50,26.50,24.10,NA,37.60,47.60,40.30,42.30,39.60,63.30
Tonga,43.80,40.90,31.90,58.30,58.30,0.50,5.00,42.60,9.30,NA,NA,NA,NA,NA,54.80,100.00,9.50,NA,70.50,41.10,100.00,34.10,NA,34.10,NA,NA,45.60,41.90,42.60,24.30,53.60,100.00,100.00,100.00,100.00,46.50,51.90,42.80,77.90,77.90,31.70,22.40,12.20,69.80,46.00,46.00,2.30,45.40,NA,71.70,97.50,87.00,NA,15.10,60.10
Honduras,36.50,40.90,60.70,77.50,77.90,43.80,56.20,44.30,51.00,24.70,22.70,3.60,59.80,100.00,26.80,40.10,10.80,30.20,51.10,66.50,35.60,24.20,20.90,27.50,3.10,3.10,30.00,31.30,39.60,19.50,38.10,31.70,54.50,52.60,NA,31.80,33.20,30.90,20.20,20.20,28.40,35.30,10.30,32.80,35.00,35.00,28.10,32.30,NA,44.00,39.50,39.10,27.70,43.10,71.00
Turkmenistan,37.00,40.70,22.90,18.80,22.40,NA,5.30,44.50,18.10,96.40,84.00,100.00,57.40,14.30,NA,NA,NA,NA,46.70,53.30,40.10,51.80,63.80,39.90,9.80,9.80,42.30,38.70,0.90,82.60,48.40,33.50,56.80,61.60,47.60,47.40,46.90,47.70,42.90,42.90,48.50,65.20,15.30,NA,30.20,30.20,29.50,17.50,59.00,66.20,34.40,17.60,100.00,83.70,NA
Iran,34.50,40.60,27.30,40.90,35.20,1.20,10.60,44.80,27.30,95.80,67.00,62.60,60.40,100.00,23.40,38.70,5.90,26.10,89.40,100.00,78.80,47.70,61.60,33.80,3.70,3.70,41.90,41.60,17.20,82.20,31.60,NA,7.40,6.90,22.00,53.70,60.90,48.80,26.90,26.90,28.70,39.20,16.80,19.40,24.00,24.00,28.20,20.30,91.80,87.30,100.00,0.0,87.80,9.70,20.10
Kyrgyzstan,35.70,40.40,28.50,20.70,22.30,NA,33.90,47.10,16.80,93.50,61.70,65.40,40.10,NA,NA,NA,NA,NA,66.50,48.50,84.60,49.00,45.60,52.40,8.60,8.60,29.10,23.50,18.70,26.80,20.70,18.70,40.00,59.30,46.00,45.60,42.90,47.30,40.20,40.20,7.20,3.40,14.60,NA,34.00,34.00,20.50,8.10,60.10,51.80,52.20,39.00,100.00,37.50,63.80
Jordan,43.60,40.30,24.10,21.60,14.50,NA,15.20,54.30,17.80,92.10,63.20,50.90,100.00,99.80,NA,NA,NA,NA,75.30,100.00,50.70,48.90,72.90,25.00,18.60,18.60,52.20,50.70,20.10,100.00,43.00,1.00,NA,23.00,36.30,62.70,75.20,54.40,46.10,46.10,40.00,52.70,14.60,NA,42.80,42.80,49.60,7.30,58.60,38.10,11.60,40.10,72.50,46.40,66.80
Senegal,33.90,40.20,65.10,100.00,100.00,12.60,43.10,32.20,78.00,97.00,15.50,12.50,18.30,31.20,23.90,38.80,15.90,15.30,28.00,15.70,40.30,39.90,41.30,38.60,0.50,0.50,21.30,22.10,25.20,12.40,40.70,38.10,14.90,53.90,32.60,13.10,13.40,13.00,47.00,47.00,11.20,4.10,11.90,24.70,33.60,33.60,18.20,40.30,NA,54.60,55.10,37.60,39.60,60.70,83.10
Guyana,38.50,40.20,46.10,48.90,56.50,NA,81.60,69.00,36.10,94.50,31.50,30.00,37.00,34.80,14.60,18.70,10.50,NA,81.20,100.00,62.40,52.60,64.90,40.20,NA,NA,32.30,32.10,10.70,39.00,100.00,87.50,97.00,81.50,21.20,35.30,39.40,32.60,24.40,24.40,33.70,35.20,23.00,41.50,40.00,40.00,25.10,25.40,NA,67.70,71.50,56.00,31.40,38.00,37.00
Sri Lanka,34.70,40.10,57.50,90.70,98.20,0.70,52.40,35.10,37.50,73.00,30.60,18.20,37.50,98.40,31.80,43.50,20.10,NA,29.50,18.00,40.90,31.60,30.00,33.20,NA,NA,39.00,32.50,37.40,27.30,46.90,19.50,21.80,30.20,23.20,48.50,51.10,46.70,71.60,71.60,19.10,12.90,24.50,26.00,26.40,26.40,NA,54.80,NA,100.00,91.20,30.80,38.90,39.10,80.40
Timor-Leste,35.10,39.90,54.90,94.50,94.50,7.30,17.30,36.30,37.50,99.40,34.40,23.50,100.00,NA,33.30,48.00,18.50,NA,42.10,37.30,46.80,18.50,2.00,34.90,0.60,0.60,29.60,32.50,41.90,11.70,43.20,64.20,88.60,73.40,20.50,26.00,25.60,26.20,33.80,33.80,18.30,4.60,13.50,50.60,32.80,32.80,8.10,21.50,NA,46.20,67.40,55.00,40.50,30.10,51.80
Jamaica,45.60,39.80,53.20,86.10,96.90,1.50,37.30,39.00,27.30,53.80,30.10,19.70,70.70,52.30,16.90,19.70,14.20,NA,69.10,70.90,67.40,25.30,28.20,22.40,3.00,3.00,41.80,39.80,36.10,42.50,52.60,29.10,40.70,67.10,44.10,49.40,52.40,47.30,48.20,48.20,28.00,32.40,15.00,32.40,54.10,54.10,48.50,57.70,58.50,89.70,73.50,55.10,65.40,38.70,61.30
Russia,37.50,39.00,44.40,60.00,63.20,0.90,26.60,69.60,57.80,89.60,18.70,11.20,34.80,47.80,13.70,17.30,10.00,NA,91.90,95.70,88.00,48.90,37.30,60.50,18.50,18.50,50.60,48.80,39.60,63.40,59.60,12.30,31.80,54.50,57.00,55.50,55.00,55.80,71.30,71.30,27.70,41.10,5.30,23.10,29.10,29.10,47.70,37.40,47.20,58.50,100.00,0.0,36.70,35.00,8.40
Argentina,41.10,38.90,42.40,41.70,56.70,43.00,17.20,43.20,37.10,69.50,23.00,14.20,54.20,45.00,5.80,5.60,5.50,6.30,85.40,100.00,70.70,74.10,69.80,78.40,5.90,5.90,56.30,52.00,48.20,60.50,51.80,22.80,68.50,66.20,16.30,64.80,72.60,59.50,72.20,72.20,42.40,71.20,9.60,17.70,35.50,35.50,51.80,40.20,10.60,47.70,83.10,11.70,86.70,29.20,33.40
Guinea,31.60,38.70,60.60,99.70,88.20,NA,54.00,48.40,59.80,83.20,13.90,NA,11.40,100.00,22.00,43.40,11.30,8.20,47.60,58.20,37.10,31.20,27.30,35.00,NA,NA,19.50,21.00,29.60,6.30,32.20,33.30,61.70,24.90,4.90,11.30,11.70,11.00,32.30,32.30,18.90,3.00,23.90,45.90,30.00,30.00,23.50,16.30,NA,26.40,57.60,35.00,NA,59.70,72.60
Philippines,28.90,38.60,54.20,90.70,92.40,14.60,27.50,35.80,26.60,42.90,26.70,14.50,100.00,NA,34.80,41.90,38.70,20.60,34.80,45.20,24.30,29.60,15.10,44.10,0.80,0.80,31.10,25.90,25.60,19.70,79.70,25.30,9.80,49.20,20.20,39.00,45.90,34.40,47.40,47.40,23.40,20.00,49.90,3.80,16.90,16.90,2.80,37.10,77.20,49.60,30.10,8.50,25.40,52.80,72.60
Brunei Darussalam,45.70,38.60,58.50,100.00,100.00,1.20,21.10,56.90,73.90,NA,20.70,20.70,NA,NA,8.40,NA,9.60,6.80,70.40,59.40,81.50,14.80,29.60,NA,5.80,5.80,68.10,61.70,57.80,75.20,68.80,29.30,54.50,13.70,NA,85.70,94.30,79.90,67.60,67.60,59.70,85.50,20.00,47.70,41.70,41.70,34.00,53.40,59.70,75.80,73.60,44.70,61.20,15.00,NA
Mali,28.50,38.40,46.90,30.70,62.00,NA,17.30,53.60,75.40,97.00,26.50,8.60,100.00,60.20,NA,NA,NA,NA,61.10,62.60,59.50,30.70,18.00,43.40,NA,NA,20.40,26.70,38.10,6.90,30.80,41.80,83.80,52.60,10.90,8.30,8.30,8.30,31.90,31.90,4.50,1.50,10.40,NA,21.90,21.90,5.40,13.10,NA,26.30,58.60,29.70,44.30,38.30,73.60
Cabo Verde,41.90,37.90,12.10,16.90,16.90,NA,2.10,43.10,8.40,NA,80.80,NA,61.60,100.00,100.00,100.00,100.00,NA,21.40,42.90,NA,16.70,NA,16.70,24.70,24.70,32.60,28.00,11.70,30.30,54.00,78.80,88.30,83.90,96.20,35.60,37.10,34.50,58.70,58.70,24.10,8.60,17.40,61.70,51.40,51.40,29.70,44.90,NA,100.00,49.40,77.40,NA,36.40,80.10
Pakistan,24.60,37.80,37.40,62.00,55.10,6.90,8.00,39.70,37.10,85.70,61.30,56.20,100.00,52.60,23.60,21.80,25.30,NA,48.00,42.40,53.50,28.60,22.00,35.10,0.10,0.10,11.40,5.70,NA,13.00,2.10,2.10,10.30,NA,18.70,17.50,20.90,15.30,22.50,22.50,15.80,19.70,13.80,10.20,16.90,16.90,8.80,24.50,76.30,31.20,41.10,0.0,100.00,34.10,71.50
Rwanda,32.80,37.70,47.60,51.40,54.60,NA,28.20,34.10,49.00,94.10,17.80,13.60,31.00,29.90,NA,NA,NA,NA,67.80,75.60,60.00,31.50,23.60,39.40,NA,NA,22.70,24.70,37.70,11.90,28.30,17.70,NA,NA,12.70,16.90,16.90,17.00,44.60,44.60,4.50,1.00,11.50,NA,32.60,32.60,NA,33.30,58.30,49.00,63.20,52.60,8.40,74.30,100.00
Dominica,51.20,37.60,54.50,80.20,85.00,0.40,75.20,48.90,19.60,NA,14.30,NA,100.00,NA,12.40,NA,16.50,7.10,87.70,97.30,78.10,17.80,NA,17.80,0.90,0.90,46.20,44.00,29.80,45.50,100.00,74.10,82.90,91.00,82.20,47.60,53.70,43.50,52.10,52.10,48.50,53.60,12.60,74.30,68.80,68.80,50.50,44.50,70.60,70.20,86.80,99.20,43.40,29.10,60.30
Nepal,28.30,37.50,51.10,76.30,45.70,NA,16.50,37.30,54.30,97.50,39.40,40.10,44.40,30.20,NA,NA,NA,NA,11.20,0,22.40,27.10,8.40,45.80,NA,NA,17.10,9.50,6.00,14.20,NA,13.50,25.80,NA,8.70,27.10,29.00,25.90,26.70,26.70,24.70,34.70,4.60,NA,24.10,24.10,NA,41.20,NA,38.40,38.60,28.00,100.00,41.20,80.40
Cambodia,30.10,37.50,65.80,100.00,100.00,9.60,57.90,35.80,89.70,26.90,9.70,2.30,33.80,29.70,11.30,11.60,19.50,0.40,17.60,20.50,14.80,45.90,32.90,59.00,NA,NA,27.60,25.90,35.50,11.40,39.90,29.00,45.40,36.90,6.80,34.30,35.80,33.30,34.50,34.50,13.70,3.80,12.40,34.80,23.30,23.30,NA,45.70,NA,56.20,33.90,28.60,49.80,61.00,65.70
Thailand,38.10,37.30,51.40,75.70,46.60,44.60,26.80,31.80,71.80,70.10,15.30,9.80,41.20,22.50,12.90,11.90,15.30,10.90,79.80,100.00,59.50,33.00,32.90,33.10,1.80,1.80,43.80,34.40,33.30,39.90,42.40,15.20,17.10,17.50,11.00,55.90,75.80,42.70,80.70,80.70,28.50,35.40,40.00,3.10,36.00,36.00,41.60,71.50,100.00,77.60,54.80,9.50,30.20,60.00,42.00
Mauritius,44.80,37.20,18.00,27.80,27.80,NA,10.80,39.30,10.80,NA,100.00,100.00,100.00,100.00,18.50,1.80,28.50,27.10,64.80,60.30,69.30,20.00,NA,20.00,2.80,2.80,57.60,50.70,29.70,62.90,100.00,68.80,77.80,97.60,100.00,65.50,68.50,63.60,66.00,66.00,67.40,99.50,15.90,54.70,46.40,46.40,35.70,47.10,57.10,60.80,76.50,57.20,NA,49.20,52.20
Eswatini,44.90,37.00,28.70,24.70,21.30,NA,36.50,40.30,18.60,76.40,20.90,10.30,53.90,51.50,NA,NA,NA,NA,75.50,72.40,78.50,43.20,45.30,41.10,70.00,70.00,17.90,16.90,14.60,15.60,34.80,20.50,36.80,31.00,17.80,12.60,13.20,12.20,39.60,39.60,14.60,13.30,17.30,NA,67.90,67.90,62.90,53.50,NA,78.10,66.60,76.50,59.70,64.60,77.10
Afghanistan,43.60,36.90,30.70,20.60,51.50,NA,5.20,41.90,13.40,90.80,61.80,58.30,44.80,100.00,NA,NA,NA,NA,35.50,0,71.00,44.20,37.30,51.00,NA,NA,16.00,15.50,16.00,7.40,18.40,37.80,61.20,42.70,37.50,28.10,28.40,27.80,NA,NA,4.40,1.10,11.10,NA,65.60,65.60,83.90,50.20,NA,63.70,42.90,45.30,100.00,77.50,100.00
Saint Lucia,49.40,36.40,36.70,59.60,29.50,1.80,66.60,51.10,24.00,NA,38.90,28.90,NA,98.80,26.20,NA,16.30,39.10,89.80,100.00,79.50,6.40,NA,6.40,14.00,14.00,47.30,46.00,27.80,53.40,100.00,73.40,76.80,90.80,87.40,45.40,50.30,42.20,51.20,51.20,55.40,73.80,13.30,60.90,64.80,64.80,44.50,47.70,81.30,83.40,64.20,88.50,73.30,37.60,66.50
Sierra Leone,32.70,36.40,51.20,75.50,96.00,5.70,20.00,37.50,45.10,78.00,15.80,NA,26.20,100.00,34.00,81.70,3.40,12.20,44.10,53.40,34.80,33.20,23.80,42.70,NA,NA,19.70,21.60,29.00,7.20,39.40,34.70,64.90,23.90,9.60,11.60,11.70,11.60,36.80,36.80,12.10,0.60,9.70,37.60,35.50,35.50,12.70,31.30,58.30,48.50,64.70,52.90,NA,40.90,100.00
Benin,29.60,36.20,63.60,100.00,100.00,NA,54.20,38.80,72.00,86.50,15.80,8.70,29.80,44.30,11.30,NA,11.30,NA,6.00,7.80,4.30,35.30,27.80,42.70,9.60,9.60,22.20,22.30,29.30,9.10,29.10,34.70,60.40,29.10,21.30,13.50,13.30,13.60,36.20,36.20,29.70,13.00,56.90,36.00,26.20,26.20,8.80,23.40,NA,34.80,16.20,40.70,5.90,40.00,87.90
Djibouti,47.50,36.20,10.80,7.80,7.80,1.80,5.60,37.60,5.30,90.90,100.00,NA,100.00,100.00,6.50,NA,6.50,NA,74.60,61.00,88.30,49.00,82.20,15.70,NA,NA,21.60,19.60,6.40,25.00,40.70,42.90,62.20,59.70,56.80,18.30,18.60,18.20,45.60,45.60,16.90,3.30,14.90,46.30,73.70,73.70,82.10,32.60,NA,68.80,65.30,74.90,NA,80.80,80.30
Malaysia,35.00,36.00,51.90,74.50,84.00,27.70,15.10,49.90,51.90,NA,2.60,3.10,NA,NA,14.30,27.60,6.30,7.60,71.00,88.10,53.90,40.50,17.60,63.40,12.60,12.60,48.00,43.70,28.20,70.20,42.70,16.10,37.90,13.60,NA,57.60,71.70,48.20,61.40,61.40,33.80,47.90,22.10,17.10,27.20,27.20,30.70,38.10,48.10,80.30,63.50,7.40,55.90,58.00,23.90
Georgia,39.10,35.70,40.40,64.30,64.90,NA,26.60,38.70,25.40,95.40,51.20,54.40,41.50,41.60,13.20,NA,9.60,17.80,17.30,34.50,NA,22.00,27.10,16.90,46.60,46.60,37.50,27.90,23.10,29.20,40.00,30.30,44.90,61.90,36.70,51.70,50.80,52.30,49.30,49.30,43.10,49.50,19.60,53.70,43.60,43.60,26.70,54.90,100.00,72.50,44.10,43.20,98.50,52.50,50.80
Maldives,37.40,35.70,11.30,10.40,10.40,0.70,10.40,56.90,1.10,NA,100.00,100.00,NA,NA,56.70,13.40,100.00,NA,36.00,40.30,31.80,14.10,NA,14.10,3.80,3.80,48.50,52.00,55.40,40.40,26.30,96.30,95.60,75.50,92.80,47.80,53.30,44.20,54.70,54.70,25.00,13.00,20.90,52.90,33.50,33.50,7.80,10.40,NA,0.40,28.10,65.20,NA,31.00,60.70
Burundi,30.50,35.50,42.30,46.70,46.70,NA,25.80,39.50,33.00,90.80,22.20,18.50,35.10,31.80,NA,NA,NA,NA,74.80,69.70,79.90,18.50,NA,37.00,NA,NA,22.00,30.70,51.80,7.60,26.00,24.30,33.30,7.20,19.30,5.40,5.40,5.40,35.20,35.20,2.70,0.50,7.10,NA,29.40,29.40,4.10,15.50,NA,25.50,53.20,52.70,39.20,6.30,100.00
Cuba,47.50,35.10,46.10,58.90,69.30,15.10,37.50,38.10,38.30,95.70,19.20,8.00,53.80,52.00,13.90,8.20,17.10,17.00,81.30,98.60,64.00,22.70,24.00,21.40,1.70,1.70,47.90,50.60,39.80,62.70,59.70,41.70,56.20,77.50,42.30,49.70,55.10,46.00,47.60,47.60,28.60,34.00,25.70,20.70,61.10,61.10,78.80,62.80,59.80,72.90,59.80,46.70,17.10,72.10,55.70
Bosnia and Herzegovina,39.40,34.80,34.10,22.70,32.20,NA,46.80,40.70,23.30,88.40,45.40,33.70,60.70,100.00,NA,NA,NA,NA,56.00,49.10,62.90,21.30,17.60,25.10,1.10,1.10,38.00,27.80,20.30,33.40,43.50,28.00,30.90,57.00,34.10,61.50,67.80,57.30,42.30,42.30,30.90,34.50,23.80,NA,45.10,45.10,50.40,13.30,63.40,73.60,100.00,39.50,61.40,47.70,27.20
Ghana,27.70,34.70,52.90,76.90,82.80,1.10,37.50,38.10,77.20,84.50,10.30,1.80,16.50,55.30,12.80,13.10,10.30,15.80,65.30,73.00,57.70,22.10,3.10,41.00,3.00,3.00,20.50,15.30,6.90,17.80,31.40,39.00,62.10,32.80,18.90,20.90,21.50,20.40,54.60,54.60,13.60,4.90,13.30,31.50,23.80,23.80,11.60,2.90,59.60,45.30,52.10,29.60,5.00,40.90,90.00
Kenya,30.80,34.60,46.40,70.10,67.50,3.70,34.90,37.20,56.60,85.40,17.70,14.10,25.40,31.40,16.40,28.80,3.90,NA,71.00,100.00,42.00,27.10,18.20,35.90,1.10,1.10,26.20,30.00,42.90,14.00,41.80,22.30,48.80,13.80,16.60,13.70,13.70,13.70,49.90,49.90,13.30,7.30,19.90,18.90,29.00,29.00,18.70,29.20,62.50,52.60,34.30,23.30,60.10,62.80,81.60
Gambia,36.40,34.60,42.20,42.80,90.80,NA,34.10,28.70,34.90,90.20,28.50,14.20,100.00,42.50,12.50,NA,7.30,19.30,58.20,61.10,55.40,36.40,36.70,36.10,7.90,7.90,21.30,20.70,24.00,10.60,35.60,37.80,28.50,49.10,31.70,19.20,19.60,19.00,36.50,36.50,14.50,0.60,13.00,43.70,46.50,46.50,17.90,42.60,NA,73.10,53.60,67.40,77.90,43.20,96.60
Qatar,33.00,34.50,50.10,79.30,79.30,NA,44.70,61.10,16.70,76.70,NA,NA,NA,NA,5.70,NA,5.70,NA,64.30,94.60,34.00,13.30,NA,26.60,70.00,70.00,51.70,42.10,2.40,100.00,30.60,0.70,24.30,32.10,19.90,66.60,81.00,57.00,58.40,58.40,60.60,90.20,6.00,56.00,21.50,21.50,32.50,13.60,NA,NA,26.10,13.10,NA,37.90,NA
Sudan,27.60,34.50,37.00,11.60,12.70,100.00,13.10,47.30,11.80,95.10,41.20,43.60,45.80,22.30,16.00,16.30,15.70,NA,60.50,79.30,41.70,33.10,41.60,24.70,NA,NA,17.60,15.60,4.40,19.80,32.80,39.80,66.20,56.20,22.90,22.40,22.00,22.60,6.70,6.70,28.10,37.80,8.90,27.80,25.10,25.10,8.50,39.50,NA,54.30,52.50,20.90,100.00,50.10,67.30
Indonesia,28.20,34.10,51.20,66.20,83.30,29.60,15.90,51.50,42.60,47.10,13.60,8.20,46.00,NA,16.30,35.40,5.60,5.70,43.90,48.50,39.30,36.70,21.60,51.80,NA,NA,25.30,21.50,19.60,23.40,36.30,17.90,20.70,17.40,12.20,28.50,33.90,24.90,34.00,34.00,29.50,51.40,15.20,NA,23.20,23.20,27.40,21.70,93.00,43.20,54.30,0.0,56.20,53.20,55.10
Oman,30.70,33.50,20.20,19.30,19.10,0.40,14.30,63.20,19.10,99.40,46.80,NA,NA,46.80,35.60,72.40,10.20,21.10,45.20,47.30,43.00,67.30,84.00,50.60,13.40,13.40,39.00,31.80,1.00,70.40,35.00,17.40,28.00,50.90,37.10,58.30,76.10,46.50,36.50,36.50,32.80,49.50,13.90,18.50,23.20,23.20,23.40,25.40,59.80,17.10,38.20,18.80,25.40,29.20,NA
Nigeria,28.30,33.30,45.70,78.10,62.00,NA,26.80,33.00,69.30,84.00,12.20,5.40,31.20,33.60,23.30,46.60,6.20,15.20,62.20,49.10,75.20,28.60,18.20,39.00,0.20,0.20,15.20,13.80,11.60,11.80,33.10,21.50,52.10,4.50,16.70,5.00,6.00,4.30,50.90,50.90,12.70,16.70,4.70,12.70,29.60,29.60,37.40,48.00,61.40,38.00,46.20,8.50,12.30,52.50,76.60
Grenada,47.90,33.10,29.00,48.10,14.60,1.20,67.10,43.80,12.50,NA,35.80,25.10,100.00,NA,14.60,NA,14.60,NA,87.40,100.00,74.90,28.90,NA,28.90,15.10,15.10,45.00,43.50,22.50,53.90,84.30,79.10,86.50,89.80,91.60,47.10,51.20,44.40,41.30,41.30,51.10,59.50,15.10,70.40,65.70,65.70,40.70,42.60,76.70,84.00,72.60,90.90,100.00,58.70,61.50
Cameroon,30.20,33.00,42.00,57.80,68.30,NA,29.40,56.60,33.00,85.40,19.10,15.20,37.70,24.10,10.40,NA,7.20,14.60,62.50,67.90,57.00,44.20,48.00,40.40,NA,NA,14.30,13.20,6.10,14.80,31.70,38.80,47.40,28.80,4.30,7.80,8.30,7.50,35.60,35.60,15.40,12.30,4.60,32.50,35.40,35.40,29.60,23.20,100.00,69.50,33.20,33.40,4.30,56.90,86.30
El Salvador,40.80,33.00,31.40,40.00,44.20,4.20,33.30,36.80,20.40,84.20,38.30,17.70,100.00,100.00,12.00,16.10,11.30,7.50,92.80,100.00,85.60,20.60,17.30,23.90,0.10,0.10,39.30,36.70,37.30,38.50,52.70,15.00,33.20,37.00,0.50,41.70,43.10,40.80,34.90,34.90,52.10,78.60,15.20,36.10,50.20,50.20,36.60,71.40,59.60,100.00,100.00,50.00,48.50,49.90,76.30
Tunisia,40.70,32.70,26.40,32.00,37.10,9.90,9.50,42.40,17.30,90.90,29.70,6.30,100.00,100.00,22.10,28.70,24.90,10.10,80.60,100.00,61.30,24.80,25.30,24.30,43.00,43.00,43.20,43.30,16.90,80.50,38.80,16.70,21.90,45.10,45.70,52.60,58.00,49.10,35.90,35.90,26.20,33.00,10.90,27.80,48.30,48.30,51.80,74.10,NA,67.50,44.60,41.20,NA,57.20,61.10
Algeria,29.60,31.60,22.70,7.10,29.20,0.20,8.00,59.70,74.40,80.80,23.70,5.10,58.40,100.00,18.50,31.70,12.40,9.30,70.80,95.90,45.70,63.30,81.80,44.80,33.10,33.10,42.00,39.40,12.10,78.40,35.60,8.20,27.60,39.90,30.70,53.30,59.60,49.10,38.30,38.30,32.00,53.20,11.00,10.50,20.90,20.90,18.80,36.10,76.50,46.30,63.90,8.60,13.30,23.10,40.60
Eritrea,31.70,30.60,8.80,NA,NA,NA,11.90,34.60,18.20,97.30,90.10,100.00,69.50,51.50,22.70,41.90,3.50,NA,58.10,56.00,60.10,14.90,7.60,22.30,NA,NA,17.50,19.30,21.00,10.50,32.80,34.90,65.20,39.90,22.40,6.40,6.30,6.40,37.80,37.80,15.30,0.10,6.80,54.40,40.40,40.40,23.40,36.60,NA,61.10,63.00,55.30,27.40,31.40,77.50
Mauritania,28.10,30.20,10.70,3.60,3.00,0.10,6.30,62.50,6.60,94.50,81.30,100.00,23.90,26.40,18.20,34.10,3.70,16.60,56.10,66.80,45.30,27.20,14.70,39.70,NA,NA,24.00,21.10,12.20,19.80,50.70,50.10,70.50,70.00,31.70,13.60,13.70,13.60,55.10,55.10,35.50,41.60,10.00,48.70,27.80,27.80,2.40,26.90,55.30,49.90,51.30,43.20,39.00,37.20,61.00
Madagascar,28.00,29.50,31.00,42.70,38.40,7.80,33.00,45.70,33.70,NA,21.80,0.60,70.50,100.00,30.20,51.80,8.70,30.10,52.60,54.40,50.80,35.90,21.30,50.50,NA,NA,24.40,33.60,50.00,7.60,44.20,45.50,85.80,62.20,17.00,6.00,5.70,6.20,32.40,32.40,11.20,2.10,9.20,31.40,28.40,28.40,NA,52.00,60.50,71.40,58.50,38.70,NA,59.00,91.10
Bangladesh,23.10,29.40,37.40,18.20,88.90,29.90,0.80,26.50,24.70,92.70,14.90,6.00,49.70,33.70,35.10,73.10,15.70,11.30,25.80,12.60,39.00,41.40,32.90,49.90,NA,NA,18.10,14.40,14.70,16.10,10.30,5.80,18.40,NA,15.50,27.40,28.00,26.90,22.80,22.80,10.50,5.80,15.70,14.60,18.80,18.80,9.40,37.70,NA,56.00,46.00,11.40,NA,69.70,88.10
Micronesia,37.40,29.40,3.60,NA,NA,0.10,2.90,37.30,NA,NA,100.00,100.00,NA,NA,NA,NA,NA,NA,50.50,34.20,66.90,19.40,NA,19.40,NA,NA,31.90,31.60,22.20,17.40,100.00,100.00,100.00,95.80,100.00,35.50,39.40,33.00,40.90,40.90,14.90,2.80,15.20,39.10,49.20,49.20,14.10,32.40,NA,48.10,79.80,89.80,NA,NA,71.30
Guatemala,28.00,29.00,41.30,76.70,50.60,0.20,50.10,42.20,29.90,NA,12.30,4.20,29.90,43.80,25.50,50.70,13.70,8.40,33.50,37.30,29.70,23.70,18.70,28.70,6.80,6.80,28.10,29.10,33.30,21.70,62.80,18.70,38.60,32.60,1.10,28.30,29.90,27.20,30.10,30.10,20.60,21.80,10.40,28.40,26.70,26.70,12.20,23.80,60.10,51.40,37.70,30.60,49.70,28.00,70.70
Angola,30.50,28.60,30.10,34.10,36.60,NA,30.20,61.50,31.80,88.40,29.40,15.50,41.70,100.00,24.30,43.90,17.60,7.90,50.50,39.00,61.90,24.90,20.40,29.30,NA,NA,20.50,23.10,24.00,17.90,36.80,32.40,60.20,30.30,8.30,12.80,14.10,12.00,36.70,36.70,9.60,NA,19.00,19.50,37.70,37.70,39.00,49.70,57.70,70.40,51.80,26.40,37.90,45.20,62.30
Vanuatu,36.90,28.00,20.00,24.10,24.10,0.10,6.80,63.30,3.20,99.00,38.60,28.40,100.00,NA,21.00,18.60,11.50,36.40,63.90,28.20,99.60,33.00,NA,33.00,4.50,4.50,30.40,30.70,34.50,6.10,62.70,100.00,82.80,100.00,71.20,21.50,21.70,21.40,44.90,44.90,36.50,20.60,52.90,52.00,50.10,50.10,21.70,38.40,NA,61.50,85.20,80.50,24.30,41.80,67.70
Morocco,28.40,27.20,16.60,12.10,10.50,2.30,23.50,46.50,19.90,80.80,20.10,18.90,31.90,15.20,21.20,45.90,11.60,1.90,90.90,100.00,81.90,49.00,59.10,38.90,5.40,5.40,28.60,22.70,3.50,44.40,32.20,16.30,23.60,44.90,35.50,40.90,47.20,36.70,28.40,28.40,30.80,38.70,25.40,20.60,29.50,29.50,34.60,27.90,26.00,56.10,44.50,21.90,NA,43.00,65.40
Haiti,26.10,26.90,35.40,43.60,58.60,6.90,40.40,37.30,14.00,44.40,20.40,9.80,64.30,40.10,33.50,53.20,13.80,NA,19.80,10.80,28.80,15.70,NA,31.40,7.10,7.10,21.10,28.20,40.30,8.00,39.70,29.10,75.20,54.90,32.40,14.10,14.40,13.90,11.70,11.70,9.40,4.50,9.10,19.50,27.90,27.90,4.40,34.70,NA,57.50,55.20,44.00,10.20,26.80,88.80
Uruguay,37.40,25.80,17.80,20.50,20.60,3.30,10.60,29.00,24.00,72.40,15.70,6.20,51.00,37.30,5.70,8.10,5.50,2.90,79.70,100.00,59.40,70.70,70.00,71.40,2.10,2.10,62.70,63.60,66.10,64.20,59.50,39.20,68.30,79.40,36.40,70.80,84.50,61.80,61.50,61.50,38.50,40.80,24.80,47.60,37.00,37.00,42.20,36.60,NA,77.90,58.00,35.00,15.60,42.70,20.00
Samoa,36.40,25.60,26.90,45.60,45.60,0.80,1.40,65.80,8.50,NA,NA,NA,NA,NA,15.50,10.20,20.70,NA,48.60,29.90,67.30,27.70,NA,27.70,0.90,0.90,44.00,36.00,39.00,14.50,46.00,100.00,97.80,100.00,100.00,49.30,62.50,40.40,67.80,67.80,51.20,36.80,57.60,73.60,44.20,44.20,13.10,28.00,NA,25.60,84.70,80.10,NA,6.00,62.30
Barbados,53.20,24.90,13.60,2.80,2.80,0.10,50.40,58.80,0.80,NA,35.90,14.50,100.00,100.00,19.30,15.70,22.90,NA,92.20,100.00,84.40,11.90,NA,11.90,NA,NA,61.80,65.30,32.80,95.80,100.00,78.80,89.90,91.00,96.90,52.00,58.30,47.80,69.60,69.60,59.00,81.50,10.60,62.40,79.90,79.90,76.10,55.00,NA,92.60,70.50,95.50,66.80,60.90,47.00
China,28.40,24.50,9.40,4.60,8.50,1.60,2.10,43.70,2.60,72.40,21.60,17.50,36.50,31.60,17.70,25.60,20.40,3.90,100.00,100.00,100.00,42.40,35.30,49.50,9.40,9.40,32.80,20.60,13.80,32.90,22.10,NA,NA,NA,27.80,59.50,61.00,58.40,37.00,37.00,28.60,45.00,24.40,0.10,30.40,30.40,40.20,43.00,53.40,69.50,100.00,0.0,48.90,89.90,28.00
Lesotho,32.30,23.50,13.70,2.80,2.80,NA,26.10,36.10,1.80,94.40,28.30,29.00,30.20,22.10,NA,NA,NA,NA,53.10,87.30,18.90,45.50,63.60,27.40,0.30,0.30,10.90,11.10,8.70,10.20,20.60,13.00,17.10,43.80,24.00,7.30,7.40,7.20,24.50,24.50,5.90,2.90,11.90,NA,53.30,53.30,43.50,51.20,NA,100.00,77.00,63.50,10.60,46.90,74.30
Viet Nam,20.10,22.10,27.90,43.90,28.00,3.80,25.10,37.20,40.30,39.80,8.50,2.40,24.40,28.90,24.20,61.00,4.20,2.40,19.30,26.90,11.70,39.60,28.90,50.30,0.30,0.30,35.10,26.50,28.40,24.90,41.30,14.90,33.20,8.40,17.60,52.80,55.70,50.90,47.10,47.10,25.60,22.00,46.00,12.30,10.10,10.10,NA,50.80,NA,40.10,NA,2.50,12.50,45.90,53.10
Papua New Guinea,24.80,21.90,16.30,17.90,11.60,1.20,3.60,67.20,9.40,94.70,31.40,20.00,100.00,NA,35.50,62.90,8.20,NA,33.70,31.10,36.40,15.60,NA,31.30,NA,NA,29.90,31.70,42.40,5.00,100.00,64.10,46.50,82.20,NA,15.60,15.40,15.80,59.60,59.60,25.80,29.30,6.30,38.30,25.40,25.40,13.10,NA,60.70,68.20,60.70,34.90,23.70,NA,73.20
Fiji,31.30,21.00,16.40,14.40,9.00,9.50,NA,72.30,7.10,88.70,22.70,22.70,NA,NA,32.30,49.60,15.00,NA,46.90,37.30,56.50,11.10,NA,11.10,3.90,3.90,36.30,30.30,22.70,22.60,78.10,76.20,64.10,100.00,50.00,34.70,38.80,32.00,76.10,76.10,34.00,36.20,16.10,47.60,40.00,40.00,NA,100.00,NA,100.00,92.10,60.10,25.90,34.00,54.10
Liberia,24.90,20.90,26.80,21.30,55.70,1.00,24.10,43.90,15.90,42.30,2.40,NA,0.90,17.90,20.70,31.00,13.20,17.00,45.50,56.10,34.90,22.40,18.70,26.20,NA,NA,22.90,28.30,36.20,11.60,48.60,47.40,76.20,39.30,15.90,9.90,10.50,9.50,36.70,36.70,11.90,0.50,7.90,38.70,30.50,30.50,4.20,16.20,58.70,29.70,58.80,55.90,NA,10.20,100.00
Lebanon,32.20,20.40,12.80,11.00,11.00,2.20,13.80,32.50,5.60,84.70,26.40,14.20,100.00,NA,15.40,NA,16.10,14.60,37.90,32.60,43.20,17.50,0.90,34.10,38.20,38.20,46.30,41.20,15.60,79.70,41.30,2.70,9.40,20.80,45.00,59.80,79.40,46.80,43.00,43.00,44.40,65.70,15.00,31.10,37.90,37.90,43.80,11.80,NA,25.90,NA,39.90,53.40,25.10,58.30
Turkey,26.30,20.30,7.50,1.10,1.40,NA,9.10,37.30,1.10,87.10,22.00,17.10,30.60,43.00,9.50,6.90,13.10,8.20,61.80,55.90,67.70,39.10,20.90,57.40,30.50,30.50,47.80,44.60,23.60,75.70,27.70,17.30,37.50,57.80,40.10,52.70,61.20,47.00,60.80,60.80,40.60,56.00,32.00,18.30,21.50,21.50,26.50,18.60,69.60,6.20,100.00,0.10,48.60,51.10,39.60
Myanmar,19.40,20.20,21.80,32.40,16.80,3.60,11.30,41.10,38.20,68.10,26.00,9.80,49.40,100.00,15.10,30.90,7.60,4.30,NA,0,NA,43.00,32.20,53.70,NA,NA,21.60,16.90,17.80,12.50,19.90,34.00,49.20,23.10,NA,30.90,32.30,30.00,37.60,37.60,8.20,4.00,12.30,12.50,17.30,17.30,NA,30.90,69.00,22.40,31.40,15.80,22.00,61.50,67.60
India,18.90,19.30,5.80,1.20,2.10,0.30,0.50,30.50,0.30,86.00,25.00,17.20,35.10,62.00,24.50,54.00,11.50,3.50,54.40,51.50,57.40,40.00,45.30,34.70,2.20,2.20,12.50,7.80,NA,18.60,NA,3.30,9.50,NA,19.40,19.50,21.40,18.30,20.60,20.60,12.90,17.00,17.80,NA,21.70,21.70,17.60,48.00,64.20,60.70,100.00,0.0,17.40,65.90,66.80
Marshall Islands,36.20,18.70,8.00,5.00,5.00,2.40,12.90,36.80,2.20,NA,NA,NA,NA,NA,44.20,80.80,7.60,NA,51.40,35.20,67.60,1.70,NA,1.70,NA,NA,35.80,34.90,29.50,17.00,100.00,100.00,100.00,98.60,100.00,32.30,35.30,30.30,46.00,46.00,38.80,21.50,39.70,72.50,55.80,55.80,29.50,20.50,NA,49.60,74.00,93.80,NA,14.90,56.80
Solomon Islands,35.00,14.60,8.30,1.90,1.90,0.80,NA,65.50,0.70,62.70,11.50,11.50,NA,NA,12.70,8.40,17.10,NA,67.70,35.30,100.00,8.60,NA,8.60,1.20,1.20,22.80,28.60,32.10,NA,100.00,100.00,99.90,100.00,35.50,14.10,13.60,14.40,25.00,25.00,11.10,1.10,6.10,36.00,63.90,63.90,54.30,19.30,NA,52.60,100.00,85.20,14.90,60.20,99.90
