,1990,1995,2000,2005,2010,2015,2020,1990,1995,2000,2005,2010,2015,2020,1990,1995,2000,2005,2010,2015,2020
   Burundi,333 110,254 853,125 628,192 774,247 321,298 299,344 767,163 267,124 165,61 094,94 413,121 762,146 970,170 125,169 843,130 688,64 534,98 361,125 559,151 329,174 642
   Comoros,14 079,13 939,13 799,13 209,12 618,12 555,12 496,6 717,6 614,6 511,6 286,6 060,6 071,6 044,7 362,7 325,7 288,6 923,6 558,6 484,6 452
   Djibouti,122 221,99 774,100 507,92 110,102 307,112 351,119 738,64 242,52 476,52 920,51 331,53 669,59 081,62 863,57 979,47 298,47 587,40 779,48 638,53 270,56 875
   Eritrea,11 848,12 400,12 952,15 905,15 813,15 941,13 934,6 228,6 542,6 856,8 603,8 679,8 833,7 815,5 620,5 858,6 096,7 302,7 134,7 108,6 119
   Ethiopia,1 155 390,806 904,611 384,514 451,568 748,1 161 642,1 085 517,607 284,424 117,322 219,269 834,298 069,591 409,536 807,548 106,382 787,289 165,244 617,270 679,570 233,548 710
   Kenya,298 089,618 745,707 852,773 354,954 925,1 126 886,1 050 147,161 259,322 189,352 933,400 364,473 093,562 909,529 975,136 830,296 556,354 919,372 990,481 832,563 977,520 172
   Madagascar,23 917,21 177,23 541,26 058,28 905,32 075,35 563,13 348,11 901,13 276,14 744,16 410,18 270,20 262,10 569,9 276,10 265,11 314,12 495,13 805,15 301
   Malawi,1 127 724,241 624,232 620,221 661,217 722,197 328,191 362,546 520,116 198,111 530,105 931,103 869,93 689,93 612,581 204,125 426,121 090,115 730,113 853,103 639,97 750
   Mauritius*,3 613,7 493,15 543,19 647,24 836,28 585,28 893,1 763,3 228,5 705,8 943,13 188,15 832,16 003,1 850,4 265,9 838,10 704,11 648,12 753,12 890
   Mayotte*,15 229,26 316,45 474,63 176,72 757,81 386,111 540,8 780,14 679,23 546,31 364,34 500,37 657,51 609,6 449,11 637,21 928,31 812,38 257,43 729,59 931
   Mozambique,122 332,168 256,195 702,268 694,306 471,321 794,338 850,66 060,91 210,103 175,130 290,148 105,155 510,165 490,56 272,77 046,92 527,138 404,158 366,166 284,173 360
   R‚union*,57 210,77 159,100 678,115 076,123 029,127 209,131 769,30 724,40 710,52 264,59 196,62 707,64 537,66 852,26 486,36 449,48 414,55 880,60 322,62 672,64 917
   Rwanda,160 024,215 735,347 076,423 187,426 901,514 647,513 907,80 763,109 783,175 741,213 279,214 048,256 327,259 907,79 261,105 952,171 335,209 908,212 853,258 320,254 000
   Seychelles,3 721,5 148,6 574,8 997,11 420,12 791,13 050,2 204,3 021,3 837,5 820,7 804,8 954,9 136,1 517,2 127,2 737,3 177,3 616,3 837,3 914
   Somalia,478 294,19 527,20 097,20 768,48 106,40 990,58 590,244 201,10 282,10 628,11 098,25 213,21 584,32 285,234 093,9 245,9 469,9 670,22 893,19 406,26 305
   South Sudan,..,..,..,..,230 732,844 112,882 252,..,..,..,..,119 106,430 944,443 405,..,..,..,..,111 626,413 168,438 847
   Uganda,544 273,606 987,584 280,593 308,492 930,851 175,1 720 313,283 337,308 281,290 859,292 130,241 903,415 845,827 664,260 936,298 706,293 421,301 178,251 027,435 330,892 649
   United Republic of Tanzania*,574 025,1 106 043,949 600,771 153,309 847,384 567,426 017,283 390,547 089,481 816,486 983,154 591,190 617,213 007,290 635,558 954,467 784,284 170,155 256,193 950,213 010
   Zambia,279 463,244 338,343 703,252 895,149 962,132 107,187 955,143 029,125 329,175 114,128 628,75 941,66 651,97 556,136 434,119 009,168 589,124 267,74 021,65 456,90 399
   Zimbabwe,634 621,431 226,410 109,402 226,398 307,400 482,416 141,356 240,246 013,233 881,229 254,227 201,225 653,236 561,278 381,185 213,176 228,172 972,171 106,174 829,179 580
   Angola,33 517,39 813,46 108,62 331,336 367,632 178,656 434,18 142,20 755,23 367,30 736,162 332,304 635,331 401,15 375,19 058,22 741,31 595,174 035,327 543,325 033
   Cameroon,265 967,244 791,227 242,265 503,291 474,508 346,579 209,145 869,133 945,124 008,146 129,161 485,251 311,286 254,120 098,110 846,103 234,119 374,129 989,257 035,292 955
   Central African Republic,67 234,99 712,123 529,96 409,94 685,81 568,88 546,35 686,52 975,65 636,51 299,50 411,43 147,46 357,31 548,46 737,57 893,45 110,44 274,38 421,42 189
   Chad,74 342,89 584,104 825,352 130,417 034,466 968,547 494,40 133,48 298,56 463,159 745,186 821,215 640,249 548,34 209,41 286,48 362,192 385,230 213,251 328,297 946
   Congo,129 391,191 635,305 880,318 724,425 173,390 142,387 606,64 316,95 822,153 107,173 229,231 105,213 764,211 403,65 075,95 813,152 773,145 495,194 068,176 378,176 203
   Democratic Republic of the Congo,754 194,1 816 963,744 387,623 009,589 882,810 018,952 871,363 117,901 379,365 092,302 359,284 693,393 966,459 052,391 077,915 584,379 295,320 650,305 189,416 052,493 819
   Equatorial Guinea,2 740,3 629,4 517,6 588,8 658,209 611,230 618,1 465,1 930,2 394,3 564,4 734,161 527,177 716,1 275,1 699,2 123,3 024,3 924,48 084,52 902
   Gabon,128 188,171 427,214 431,233 824,270 829,378 686,416 651,73 172,97 800,122 986,135 107,158 680,243 782,268 032,55 016,73 627,91 445,98 717,112 149,134 904,148 619
   Sao Tome and Principe,5 582,4 936,4 365,3 433,2 700,2 394,2 139,2 953,2 548,2 212,1 727,1 352,1 197,1 067,2 629,2 388,2 153,1 706,1 348,1 197,1 072
   Algeria,273 954,262 032,250 110,197 728,217 268,239 473,250 378,150 234,143 696,137 158,108 434,114 894,126 522,132 142,123 720,118 336,112 952,89 294,102 374,112 951,118 236
   Egypt,173 833,166 955,184 774,285 006,310 017,353 641,543 937,91 995,88 545,98 224,165 211,174 104,207 433,289 552,81 838,78 410,86 550,119 795,135 913,146 208,254 385
   Libya,457 075,508 041,567 436,625 412,687 192,771 146,826 537,242 707,300 906,368 950,445 685,491 303,549 153,593 797,214 368,207 135,198 486,179 727,195 889,221 993,232 740
   Morocco,54 895,50 360,53 034,56 222,71 189,92 424,102 358,29 024,26 264,27 233,28 486,35 881,46 387,52 707,25 871,24 096,25 801,27 736,35 308,46 037,49 651
   Sudan,1 402 896,1 053 396,805 086,546 419,618 709,620 523,1 379 147,696 385,525 701,404 618,278 084,314 552,311 885,685 177,706 511,527 695,400 468,268 335,304 157,308 638,693 970
   Tunisia,37 984,37 867,36 719,35 040,43 172,56 532,60 145,18 900,19 045,18 679,18 000,22 236,29 253,31 474,19 084,18 822,18 040,17 040,20 936,27 279,28 671
   Western Sahara,2 688,2 989,3 289,3 891,4 493,5 179,5 424,1 465,1 651,1 837,2 224,2 612,3 059,3 205,1 223,1 338,1 452,1 667,1 881,2 120,2 219
   Botswana,27 510,40 168,74 934,84 661,94 863,103 053,110 268,16 614,23 517,43 840,49 159,54 019,58 651,62 817,10 896,16 651,31 094,35 502,40 844,44 402,47 451
   Eswatini,74 991,35 157,34 084,33 392,32 637,32 352,32 858,39 905,18 701,17 921,17 369,16 790,16 627,16 921,35 086,16 456,16 163,16 023,15 847,15 725,15 937
   Lesotho,8 240,7 204,6 167,6 290,6 414,9 152,12 060,4 318,3 827,3 335,3 402,3 469,5 037,6 537,3 922,3 377,2 832,2 888,2 945,4 115,5 523
   Namibia,120 641,115 372,135 547,107 347,103 826,101 618,109 391,63 748,61 310,73 154,57 625,55 803,54 739,59 024,56 893,54 062,62 393,49 722,48 023,46 879,50 367
   South Africa,1 163 883,1 003 807,1 016 963,1 351 031,2 114 801,3 231 728,2 860 495,717 227,611 083,607 602,782 272,1 221 739,1 770 914,1 627 294,446 656,392 724,409 361,568 759,893 062,1 460 814,1 233 201
   Benin,76 751,105 703,134 655,248 320,309 225,366 284,394 276,40 418,56 304,72 190,122 368,143 632,172 056,185 619,36 333,49 399,62 465,125 952,165 593,194 228,208 657
   Burkina Faso,349 652,464 104,520 363,597 658,674 438,704 676,723 989,167 834,223 156,250 555,285 871,320 939,335 328,344 331,181 818,240 948,269 808,311 787,353 499,369 348,379 658
   Cabo Verde,8 931,9 979,11 027,12 700,14 373,14 924,15 788,4 429,5 091,5 753,6 523,7 293,7 547,7 985,4 502,4 888,5 274,6 177,7 080,7 377,7 803
   Cote d'Ivoire,1 816 426,2 076 394,2 163 644,2 265 090,2 366 537,2 470 613,2 564 857,1 011 749,1 150 710,1 198 496,1 254 690,1 310 459,1 368 110,1 420 248,804 677,925 684,965 148,1 010 400,1 056 078,1 102 503,1 144 609
   Gambia,118 123,150 890,182 514,181 839,185 837,192 540,215 659,66 306,82 048,97 138,96 196,98 123,101 501,113 766,51 817,68 842,85 376,85 643,87 714,91 039,101 893
   Ghana,164 851,252 879,191 601,309 932,337 766,414 744,476 412,83 030,127 423,97 279,159 527,180 030,221 026,254 403,81 821,125 456,94 322,150 405,157 736,193 718,222 009
   Guinea,403 621,774 505,560 075,233 419,178 762,126 657,121 437,201 260,386 537,279 108,113 528,93 267,74 193,71 385,202 361,387 968,280 967,119 891,85 495,52 464,50 052
   Guinea-Bissau,15 368,27 961,20 450,20 902,21 391,22 333,17 945,7 689,13 833,10 155,10 380,10 463,10 826,8 867,7 679,14 128,10 295,10 522,10 928,11 507,9 078
   Liberia,94 964,208 563,151 868,87 217,99 165,112 111,87 947,53 924,111 647,82 129,51 197,56 902,64 079,50 694,41 040,96 916,69 739,36 020,42 263,48 032,37 253
   Mali,160 736,176 187,189 475,258 630,341 078,420 504,485 829,82 049,90 871,97 752,133 344,173 088,213 218,246 308,78 687,85 316,91 723,125 286,167 990,207 286,239 521
   Mauritania,111 650,89 562,57 366,58 211,84 920,166 552,182 286,57 569,47 015,31 163,32 642,48 746,94 070,103 203,54 081,42 547,26 203,25 569,36 174,72 482,79 083
   Niger,115 464,145 999,122 260,124 509,126 482,252 998,348 056,55 222,69 751,58 192,59 194,60 042,119 915,162 019,60 242,76 248,64 068,65 315,66 440,133 083,186 037
   Nigeria,456 621,462 999,487 882,969 714,990 494,1 199 115,1 308 568,256 166,258 091,270 211,564 612,576 648,657 887,713 678,200 455,204 908,217 671,405 102,413 846,541 228,594 890
   Saint Helena*,178,117,108,163,248,377,437,110,70,61,85,136,251,306,68,47,47,78,112,126,131
   Senegal,270 410,287 654,231 901,238 298,256 092,266 496,274 929,138 840,147 165,121 492,124 854,135 879,141 402,145 591,131 570,140 489,110 409,113 444,120 213,125 094,129 338
   Sierra Leone,222 148,98 516,97 974,146 227,79 265,58 830,53 746,122 898,55 937,54 184,76 709,43 622,33 077,30 408,99 250,42 579,43 790,69 518,35 643,25 753,23 338
   Togo,84 844,101 583,137 968,204 219,255 564,277 384,279 936,42 903,50 727,69 112,103 233,129 424,139 540,141 807,41 941,50 856,68 856,100 986,126 140,137 844,138 129
   Kazakhstan,3 619 200,3 251 968,2 874 194,3 103 027,3 334 937,3 546 060,3 732 073,1 666 164,1 497 455,1 323 580,1 472 820,1 625 155,1 757 828,1 850 097,1 953 036,1 754 513,1 550 614,1 630 207,1 709 782,1 788 232,1 881 976
   Kyrgyzstan,623 083,518 338,389 824,309 399,232 065,204 382,199 011,260 416,216 638,162 927,128 064,94 596,82 616,80 456,362 667,301 700,226 897,181 335,137 469,121 766,118 555
   Tajikistan,428 900,348 347,299 499,280 466,279 808,275 101,276 031,187 972,151 894,131 653,121 403,121 780,118 639,119 174,240 928,196 453,167 846,159 063,158 028,156 462,156 857
   Turkmenistan,306 500,273 565,219 067,213 053,197 979,196 376,194 920,134 174,132 122,102 810,101 214,90 634,91 531,92 357,172 326,141 443,116 257,111 839,107 345,104 845,102 563
   Uzbekistan,1 653 000,1 512 577,1 406 498,1 329 932,1 220 149,1 170 873,1 162 007,723 618,657 490,606 163,589 690,558 379,545 721,543 364,929 382,855 087,800 335,740 242,661 770,625 152,618 643
   China*,376 361,442 198,508 034,678 947,849 861,978 046,1 039 675,191 954,223 018,254 082,379 920,505 758,600 136,637 952,184 407,219 180,253 952,299 027,344 103,377 910,401 723
"   China, Hong Kong SAR*",2 218 473,2 443 798,2 669 122,2 721 235,2 779 950,2 841 113,2 962 492,1 124 544,1 175 087,1 225 629,1 185 121,1 147 539,1 120 982,1 107 970,1 093 929,1 268 711,1 443 493,1 536 114,1 632 411,1 720 131,1 854 522
"   China, Macao SAR*",205 047,224 929,240 791,279 308,318 506,376 066,403 490,96 379,103 660,109 391,130 387,146 407,174 589,187 321,108 668,121 269,131 400,148 921,172 099,201 477,216 169
   Dem. People's Republic of Korea,34 103,35 143,36 183,40 097,44 010,48 458,49 549,17 393,17 562,17 731,19 749,21 766,24 110,24 654,16 710,17 581,18 452,20 348,22 244,24 348,24 895
   Japan,1 075 317,1 362 371,1 686 444,2 011 555,2 134 151,2 232 189,2 770 996,538 765,680 212,796 928,931 198,972 481,1 050 070,1 347 156,536 552,682 159,889 516,1 080 357,1 161 670,1 182 119,1 423 840
   Mongolia,6 718,7 424,8 206,11 477,16 062,19 886,21 345,3 419,3 959,4 564,7 577,11 880,13 284,14 263,3 299,3 465,3 642,3 900,4 182,6 602,7 082
   Republic of Korea,43 247,123 886,244 224,486 065,919 987,1 370 905,1 728 182,24 349,70 758,143 212,284 305,515 503,760 957,958 365,18 898,53 128,101 012,201 760,404 484,609 948,769 817
   Brunei Darussalam,73 200,84 748,96 296,98 441,100 587,102 733,111 959,41 856,47 832,53 807,55 265,56 723,58 181,63 407,31 344,36 916,42 489,43 176,43 864,44 552,48 552
   Cambodia,38 375,92 230,146 085,114 096,82 028,73 962,79 341,19 084,45 361,71 638,57 545,43 412,39 854,42 730,19 291,46 869,74 447,56 551,38 616,34 108,36 611
   Indonesia,465 612,378 960,292 307,289 310,307 487,338 124,355 505,229 885,191 600,153 315,165 287,176 522,196 717,206 538,235 727,187 360,138 992,124 023,130 965,141 407,148 967
   Lao People's Democratic Republic,22 866,23 526,21 948,20 371,32 955,45 538,48 731,11 806,12 199,11 564,10 930,20 133,29 335,31 393,11 060,11 327,10 384,9 441,12 822,16 203,17 338
   Malaysia*,695 920,937 368,1 463 598,1 918 504,2 417 395,3 280 681,3 476 560,405 808,534 964,822 679,1 133 541,1 469 977,1 996 220,2 156 265,290 112,402 404,640 919,784 963,947 418,1 284 461,1 320 295
   Myanmar,133 545,113 663,98 011,83 025,76 414,73 309,76 446,72 310,61 489,52 150,44 506,41 574,40 178,41 898,61 235,52 174,45 861,38 519,34 840,33 131,34 548
   Philippines,154 071,207 345,318 095,257 468,208 599,211 862,225 525,81 347,107 524,161 904,133 023,107 933,109 783,117 105,72 724,99 821,156 191,124 445,100 666,102 079,108 420
   Singapore,727 262,991 492,1 351 691,1 710 594,2 164 794,2 483 405,2 523 648,345 842,456 411,601 671,758 762,956 856,1 096 394,1 112 517,381 420,535 081,750 020,951 832,1 207 938,1 387 011,1 411 131
   Thailand,528 693,809 720,1 257 821,2 195 610,3 234 381,3 470 220,3 632 496,283 486,426 290,647 728,1 102 248,1 629 881,1 742 708,1 821 857,245 207,383 430,610 093,1 093 362,1 604 500,1 727 512,1 810 639
   Timor-Leste,8 954,9 743,10 602,11 286,11 540,8 520,8 399,4 450,4 763,5 095,5 578,5 837,5 148,5 076,4 504,4 980,5 507,5 708,5 703,3 372,3 323
   Viet Nam,28 118,51 262,56 754,51 768,61 756,72 793,76 767,15 230,28 187,32 825,31 106,35 971,42 168,44 471,12 888,23 075,23 929,20 662,25 785,30 625,32 296
   Afghanistan,57 686,71 522,75 917,87 314,102 276,339 432,144 098,32 558,39 105,42 848,49 281,57 726,171 550,69 189,25 128,32 417,33 069,38 033,44 550,167 882,74 909
   Bangladesh,881 617,934 735,987 853,1 062 270,1 345 546,1 422 179,2 115 408,476 097,503 989,531 907,572 146,710 548,751 741,1 093 978,405 520,430 746,455 946,490 124,634 998,670 438,1 021 430
   Bhutan,23 807,27 972,32 137,40 279,48 420,51 106,53 612,19 409,22 804,26 200,32 742,39 283,43 396,45 524,4 398,5 168,5 937,7 537,9 137,7 710,8 088
   India,7 594 801,6 952 238,6 411 331,5 936 740,5 574 018,5 210 847,4 878 704,3 967 470,3 608 978,3 303 591,2 931 489,2 699 495,2 474 515,2 273 912,3 627 331,3 343 260,3 107 740,3 005 251,2 874 523,2 736 332,2 604 792
   Iran (Islamic Republic of),4 291 601,2 937 668,2 476 469,2 552 206,2 722 397,2 729 939,2 797 235,2 369 093,1 612 428,1 365 390,1 401 736,1 490 419,1 487 403,1 517 518,1 922 508,1 325 240,1 111 079,1 150 470,1 231 978,1 242 536,1 279 717
   Maldives,8 689,18 510,27 092,45 045,54 659,64 273,70 079,4 777,9 243,14 907,27 079,41 712,56 345,61 437,3 912,9 267,12 185,17 966,12 947,7 928,8 642
   Nepal,429 974,690 225,717 900,680 729,581 889,509 471,487 564,125 966,217 088,241 959,235 852,191 167,156 361,146 930,304 008,473 137,475 941,444 877,390 722,353 110,340 634
   Pakistan,6 208 204,3 669 308,4 181 912,3 174 558,3 943 681,3 506 520,3 276 580,3 264 380,1 951 223,2 249 960,1 710 343,2 075 512,1 845 470,1 812 804,2 943 824,1 718 085,1 931 952,1 464 215,1 868 169,1 661 050,1 463 776
   Sri Lanka,41 561,40 841,40 132,39 526,38 959,39 706,40 254,23 423,22 689,21 971,21 318,20 694,20 745,21 196,18 138,18 152,18 161,18 208,18 265,18 961,19 058
   Armenia,658 789,693 999,657 900,469 189,211 147,191 199,190 349,270 535,284 995,270 170,191 432,85 669,77 436,78 085,388 254,409 004,387 730,277 757,125 478,113 763,112 264
   Azerbaijan*,360 600,344 070,327 540,301 834,276 901,264 359,252 228,157 856,149 509,141 161,135 143,129 512,126 656,121 007,202 744,194 561,186 379,166 691,147 389,137 703,131 221
   Bahrain,173 212,205 979,239 361,404 018,666 406,722 487,936 094,122 730,144 227,165 344,288 614,481 344,529 546,694 238,50 482,61 752,74 017,115 404,185 062,192 941,241 856
   Cyprus*,43 805,61 941,80 076,122 849,188 472,176 693,190 366,20 463,27 604,34 745,53 532,82 477,77 357,85 679,23 342,34 337,45 331,69 317,105 995,99 336,104 687
   Georgia*,304 470,152 235,76 117,71 296,73 078,76 685,79 368,133 285,66 643,33 321,31 215,31 993,33 570,34 879,171 185,85 592,42 796,40 081,41 085,43 115,44 489
   Iraq,83 638,199 460,210 525,134 863,120 466,359 352,365 766,55 751,114 821,120 464,81 877,74 535,209 217,201 427,27 887,84 639,90 061,52 986,45 931,150 135,164 339
   Israel,1 632 704,1 792 185,1 851 309,1 889 503,1 956 190,2 011 727,1 953 575,770 777,830 330,853 712,867 805,892 887,912 899,886 517,861 927,961 855,997 597,1 021 698,1 063 303,1 098 828,1 067 058
   Jordan,1 146 349,1 537 097,1 927 845,2 198 740,2 786 853,3 166 961,3 457 691,586 473,784 725,982 977,1 119 171,1 416 784,1 594 808,1 756 637,559 876,752 372,944 868,1 079 569,1 370 069,1 572 153,1 701 054
   Kuwait,1 074 391,921 954,1 127 640,1 333 530,1 874 812,2 866 136,3 110 159,654 878,591 452,761 512,918 718,1 312 111,1 901 855,2 063 430,419 513,330 502,366 128,414 812,562 701,964 281,1 046 729
   Lebanon,523 693,608 303,692 913,742 243,793 191,1 916 259,1 712 762,267 922,310 613,353 305,382 830,413 057,921 661,839 706,255 771,297 690,339 608,359 413,380 134,994 598,873 056
   Oman,304 000,539 643,623 608,666 164,816 234,1 856 226,2 372 836,242 477,417 444,488 389,527 845,658 753,1 552 000,1 984 025,61 523,122 199,135 219,138 319,157 481,304 226,388 811
   Qatar,309 753,361 673,359 697,646 026,1 456 413,1 687 640,2 226 192,225 932,269 972,274 242,498 428,1 206 571,1 416 361,1 842 785,83 821,91 701,85 455,147 598,249 842,271 279,383 407
   Saudi Arabia,4 998 445,5 122 702,5 263 387,6 501 819,8 429 956,10 771 366,13 454 842,3 324 873,3 416 485,3 517 768,4 469 805,5 933 281,7 461 502,9 235 130,1 673 572,1 706 217,1 745 619,2 032 014,2 496 675,3 309 864,4 219 712
   State of Palestine*,288 332,281 767,275 202,274 520,273 840,273 163,272 784,132 101,128 328,124 555,124 608,124 660,124 710,124 737,156 231,153 439,150 647,149 912,149 180,148 453,148 047
   Syrian Arab Republic,714 140,830 610,834 916,882 398,1 783 595,835 716,868 711,364 077,423 115,427 981,452 524,910 982,426 967,432 279,350 063,407 495,406 935,429 874,872 613,408 749,436 432
   Turkey,1 163 686,1 216 173,1 280 963,1 324 108,1 373 749,4 346 197,6 052 652,577 329,593 938,616 007,621 694,629 868,2 390 166,3 124 165,586 357,622 235,664 956,702 414,743 881,1 956 031,2 928 487
   United Arab Emirates,1 306 574,1 824 118,2 447 010,3 281 115,7 316 697,7 995 126,8 716 332,931 959,1 309 868,1 757 200,2 388 299,5 463 446,5 890 170,6 419 792,374 615,514 250,689 810,892 816,1 853 251,2 104 956,2 296 540
   Yemen,118 863,136 515,144 940,171 871,288 394,379 882,387 113,67 010,77 832,80 514,98 879,156 123,199 390,223 512,51 853,58 683,64 426,72 992,132 271,180 492,163 601
   Belarus,1 248 977,1 186 282,1 123 586,1 106 982,1 090 378,1 082 905,1 067 090,572 021,543 307,514 593,506 988,499 384,495 961,488 713,676 956,642 975,608 993,599 994,590 994,586 944,578 377
   Bulgaria,21 510,32 435,43 360,61 074,76 287,123 803,184 363,9 047,13 642,18 238,26 594,33 841,60 058,91 585,12 463,18 793,25 122,34 480,42 446,63 745,92 778
   Czechia,110 394,165 592,220 789,322 540,398 493,416 454,540 921,57 405,88 316,119 227,181 719,236 160,239 228,312 941,52 989,77 276,101 562,140 821,162 333,177 226,227 980
   Hungary,347 510,322 234,296 957,366 787,436 616,475 508,584 567,156 185,147 202,138 219,174 216,210 212,235 719,303 065,191 325,175 032,158 738,192 571,226 404,239 789,281 502
   Poland,1 127 771,964 725,825 251,722 509,642 417,611 855,817 254,482 176,404 049,338 323,297 039,262 263,256 623,390 449,645 595,560 676,486 928,425 470,380 154,355 232,426 805
   Republic of Moldova*,544 162,367 231,247 828,171 122,129 488,106 374,104 438,238 053,155 297,101 097,67 924,52 198,43 467,42 743,306 109,211 934,146 731,103 198,77 290,62 907,61 695
   Romania,135 825,135 037,134 254,145 162,177 211,281 048,705 310,57 601,60 443,63 121,70 153,87 667,146 758,386 946,78 224,74 594,71 133,75 009,89 544,134 290,318 364
   Russian Federation,11 524 948,11 928 927,11 900 297,11 667 588,11 194 710,11 643 276,11 636 911,5 655 422,5 925 452,5 982 851,5 806 597,5 514 401,5 715 211,5 712 089,5 869 526,6 003 475,5 917 446,5 860 991,5 680 309,5 928 065,5 924 822
   Slovakia,41 295,69 323,116 376,130 491,146 319,177 624,197 161,18 187,30 531,51 253,58 716,66 938,89 011,100 551,23 108,38 792,65 123,71 775,79 381,88 613,96 610
   Ukraine*,6 892 920,6 172 338,5 527 087,5 050 302,4 818 767,4 915 142,4 997 387,2 953 603,2 644 845,2 368 364,2 168 060,2 072 474,2 113 924,2 149 298,3 939 317,3 527 493,3 158 723,2 882 242,2 746 293,2 801 218,2 848 089
   Channel Islands*,61 660,60 519,64 301,70 941,77 581,82 307,84 087,29 005,28 468,30 234,33 611,36 982,39 338,40 190,32 655,32 051,34 067,37 330,40 599,42 969,43 897
   Denmark*,235 189,303 108,371 026,440 383,500 772,595 876,717 574,114 411,147 194,179 977,213 097,242 029,291 431,354 476,120 778,155 914,191 049,227 286,258 743,304 445,363 098
   Estonia,381 997,315 755,249 512,233 701,217 890,194 664,199 277,171 691,136 268,100 844,94 244,87 644,80 024,86 767,210 306,179 487,148 668,139 457,130 246,114 640,112 510
   Faroe Islands*,4 285,2 900,3 593,4 583,5 096,5 485,6 812,2 440,1 575,1 921,2 450,2 700,2 783,3 542,1 845,1 325,1 672,2 133,2 396,2 702,3 270
   Finland*,63 255,99 729,136 203,192 169,228 481,314 856,386 052,31 682,49 575,67 469,96 429,115 105,159 315,198 822,31 573,50 154,68 734,95 740,113 376,155 541,187 230
   Iceland,9 584,12 738,15 892,25 492,35 091,39 072,65 424,4 248,5 727,7 207,12 413,17 619,19 070,35 716,5 336,7 011,8 685,13 079,17 472,20 002,29 708
   Ireland,227 961,226 892,350 552,589 046,730 542,759 256,871 256,112 093,108 084,172 959,309 910,360 440,376 338,434 756,115 868,118 808,177 593,279 136,370 102,382 918,436 500
   Isle of Man*,34 769,36 886,39 002,41 475,43 447,42 238,43 040,16 371,17 548,18 725,20 214,21 361,20 596,20 987,18 398,19 338,20 277,21 261,22 086,21 642,22 053
   Latvia,646 007,538 093,430 178,376 725,313 786,265 418,239 422,290 800,234 216,177 632,154 745,124 675,104 011,97 022,355 207,303 877,252 546,221 980,189 111,161 407,142 400
   Lithuania,349 258,273 587,214 311,201 209,160 772,136 021,145 184,164 585,128 641,100 546,94 189,69 606,57 508,73 148,184 673,144 946,113 765,107 020,91 166,78 513,72 036
   Norway*,192 587,233 302,292 440,361 144,524 601,746 375,852 238,99 562,117 222,144 826,176 444,267 235,389 370,439 206,93 025,116 080,147 614,184 700,257 366,357 005,413 032
   Sweden,788 767,936 022,1 003 798,1 125 790,1 337 214,1 602 522,2 003 908,383 085,450 945,480 211,538 490,648 004,786 870,1 008 006,405 682,485 077,523 587,587 300,689 210,815 652,995 902
   United Kingdom*,3 650 286,4 155 293,4 730 165,5 926 156,7 119 664,8 406 996,9 359 587,1 756 448,1 978 711,2 228 628,2 818 177,3 454 456,4 021 255,4 464 423,1 893 838,2 176 582,2 501 537,3 107 979,3 665 208,4 385 741,4 895 164
   Albania,66 013,71 354,76 695,64 739,52 784,52 031,48 810,30 579,33 284,35 990,32 993,26 901,26 517,24 908,35 434,38 070,40 705,31 746,25 883,25 514,23 902
   Andorra,38 891,44 206,42 147,50 298,52 053,42 264,45 574,20 990,23 588,22 093,26 466,27 287,21 485,23 333,17 901,20 618,20 054,23 832,24 766,20 779,22 241
   Bosnia and Herzegovina,56 000,69 476,82 952,47 287,38 945,38 597,36 042,26 538,33 115,39 691,22 481,18 581,18 412,16 880,29 462,36 361,43 261,24 806,20 364,20 185,19 162
   Croatia,475 438,674 085,585 298,579 273,573 248,561 093,528 056,222 531,315 733,274 823,271 645,268 466,260 473,245 564,252 907,358 352,310 475,307 628,304 782,300 620,282 492
   Gibraltar*,8 709,8 381,8 054,9 211,10 369,11 065,11 190,4 528,4 196,3 865,4 518,5 171,5 591,5 656,4 181,4 185,4 189,4 693,5 198,5 474,5 534
   Greece,618 139,857 850,1 111 665,1 190 707,1 321 149,1 242 924,1 340 456,330 038,445 004,559 794,587 677,640 731,570 529,642 639,288 101,412 846,551 871,603 030,680 418,672 395,697 817
   Holy See*,762,778,790,798,783,790,809,376,379,379,381,375,376,372,386,399,411,417,408,414,437
   Italy,1 428 219,1 774 954,2 121 688,3 954 790,5 787 893,5 805 328,6 386 998,642 414,809 553,976 691,1 820 290,2 663 889,2 637 798,2 965 914,785 805,965 401,1 144 997,2 134 500,3 124 004,3 167 530,3 421 084
   Malta,15 077,17 740,21 521,24 560,33 008,52 642,114 760,7 012,8 366,10 289,11 899,17 118,28 332,66 055,8 065,9 374,11 232,12 661,15 890,24 310,48 705
   Montenegro,..,..,..,..,78 512,71 719,70 999,..,..,..,..,31 639,28 178,27 995,..,..,..,..,46 873,43 541,43 004
   North Macedonia,95 142,109 343,125 665,127 667,129 701,130 730,131 311,39 661,45 581,52 385,53 220,54 067,54 496,54 740,55 481,63 762,73 280,74 447,75 634,76 234,76 571
   Portugal,435 782,532 822,651 472,771 184,762 825,864 814,1 001 963,209 922,259 337,320 319,376 774,371 536,398 390,479 936,225 860,273 485,331 153,394 410,391 289,466 424,522 027
   San Marino,3 310,3 659,4 045,4 218,4 880,5 195,5 543,1 728,1 940,2 175,2 302,2 761,2 867,2 991,1 582,1 719,1 870,1 916,2 119,2 328,2 552
   Serbia*,99 269,870 980,977 873,854 848,826 275,807 441,823 011,46 712,390 134,437 602,383 088,364 757,355 180,362 493,52 557,480 846,540 271,471 760,461 518,452 261,460 518
   Slovenia,178 077,174 419,214 508,217 218,253 786,237 616,277 964,89 514,90 255,114 772,116 741,145 138,134 460,162 815,88 563,84 164,99 736,100 477,108 648,103 156,115 149
   Spain*,821 605,1 020 067,1 657 285,4 107 226,6 280 062,5 891 208,6 842 202,390 448,499 114,838 058,2 140 680,3 238 234,2 884 000,3 272 773,431 157,520 953,819 227,1 966 546,3 041 828,3 007 208,3 569 429
   Austria,793 239,894 893,996 547,1 127 164,1 274 901,1 483 123,1 738 183,368 287,423 302,478 318,538 924,607 191,714 537,848 395,424 952,471 591,518 229,588 240,667 710,768 586,889 788
   Belgium,1 280 583,1 288 003,1 268 368,1 248 733,1 503 806,1 783 488,2 005 479,654 543,651 788,636 275,620 924,726 881,869 989,984 117,626 040,636 215,632 093,627 809,776 925,913 499,1 021 362
   France*,5 897 267,6 087 993,6 278 718,6 737 600,7 309 986,7 878 338,8 524 876,2 999 376,3 046 083,3 092 789,3 300 859,3 554 527,3 808 573,4 130 737,2 897 891,3 041 910,3 185 929,3 436 741,3 755 459,4 069 765,4 394 139
   Germany,5 936 181,7 464 406,8 992 631,9 402 447,9 812 263,10 220 418,15 762 457,3 293 128,3 898 397,4 503 666,4 676 178,4 848 689,5 037 961,7 891 635,2 643 053,3 566 009,4 488 965,4 726 269,4 963 574,5 182 457,7 870 822
   Liechtenstein,10 906,13 311,15 483,18 898,22 342,23 799,25 877,5 956,7 068,7 980,9 434,10 867,11 605,12 619,4 950,6 243,7 503,9 464,11 475,12 194,13 258
   Luxembourg,113 795,126 106,139 750,150 618,163 142,248 888,298 062,56 062,62 292,69 286,74 951,81 420,126 129,151 653,57 733,63 814,70 464,75 667,81 722,122 759,146 409
   Monaco,20 359,21 060,21 787,21 312,21 132,25 983,26 601,9 471,9 955,10 458,10 322,10 325,12 599,12 897,10 888,11 105,11 329,10 990,10 807,13 384,13 704
   Netherlands*,1 182 263,1 346 164,1 556 337,1 736 127,1 832 510,1 996 318,2 358 333,592 343,668 236,765 302,843 444,881 264,952 313,1 134 404,589 920,677 928,791 035,892 683,951 246,1 044 005,1 223 929
   Switzerland,1 392 282,1 478 829,1 570 756,1 805 437,2 075 182,2 258 196,2 491 249,701 110,769 043,841 855,922 387,1 005 381,1 103 416,1 222 202,691 172,709 786,728 901,883 050,1 069 801,1 154 780,1 269 047
   Anguilla*,2 570,3 317,4 063,4 684,5 103,5 471,5 715,1 258,1 584,1 910,2 210,2 415,2 594,2 706,1 312,1 733,2 153,2 474,2 688,2 877,3 009
   Antigua and Barbuda,12 029,17 550,23 071,24 741,26 412,28 082,29 386,5 775,8 046,10 316,11 052,11 788,12 524,13 120,6 254,9 504,12 755,13 689,14 624,15 558,16 266
   Aruba*,14 444,22 274,30 104,32 540,34 328,36 114,53 593,6 429,9 974,13 519,14 559,15 312,16 108,24 307,8 015,12 300,16 585,17 981,19 016,20 006,29 286
   Bahamas,26 855,31 654,36 454,45 531,54 745,59 241,63 583,13 827,16 620,19 414,23 613,27 883,29 963,32 161,13 028,15 034,17 040,21 918,26 862,29 278,31 422
   Barbados,24 024,26 224,28 424,30 624,32 825,34 475,34 869,10 065,11 235,12 405,13 575,14 746,15 488,15 668,13 959,14 989,16 019,17 049,18 079,18 987,19 201
"   Bonaire, Sint Eustatius and Saba*",13 010,15 101,14 387,14 399,20 941,24 571,26 221,..,..,..,..,..,..,..,..,..,..,..,..,..,..
   British Virgin Islands*,8 035,10 046,12 958,15 016,17 076,19 535,22 164,4 126,5 034,6 386,7 401,8 295,9 413,10 681,3 909,5 012,6 572,7 615,8 781,10 122,11 483
   Cayman Islands*,9 315,12 666,19 176,20 679,24 062,26 193,29 242,4 587,6 339,9 671,10 515,12 310,13 406,15 017,4 728,6 327,9 505,10 164,11 752,12 787,14 225
   Cuba,34 555,26 187,18 545,11 693,7 373,4 649,3 024,17 278,12 559,8 212,5 152,3 232,2 027,1 312,17 277,13 628,10 333,6 541,4 141,2 622,1 712
   Cura‡ao*,..,..,..,..,34 630,37 611,57 210,..,..,..,..,14 196,15 467,24 958,..,..,..,..,20 434,22 144,32 252
   Dominica,2 519,3 121,3 723,4 744,8 110,8 093,8 284,1 309,1 623,1 955,2 491,4 200,4 215,4 314,1 210,1 498,1 768,2 253,3 910,3 878,3 970
   Dominican Republic,291 151,323 381,355 611,375 417,395 479,549 289,603 794,181 677,198 842,216 008,227 826,239 808,353 448,382 542,109 474,124 539,139 603,147 591,155 671,195 841,221 252
   Grenada,4 263,5 544,6 825,6 902,6 980,7 057,7 213,2 106,2 746,3 386,3 424,3 463,3 502,3 292,2 157,2 798,3 439,3 478,3 517,3 555,3 921
   Guadeloupe*,65 944,74 566,83 188,89 065,94 942,90 956,90 206,32 718,36 248,39 778,41 273,42 768,38 680,37 914,33 226,38 318,43 410,47 792,52 174,52 276,52 292
   Haiti,19 084,18 129,17 222,16 360,17 182,18 047,18 884,10 606,10 076,9 572,9 093,9 552,10 036,10 499,8 478,8 053,7 650,7 267,7 630,8 011,8 385
   Jamaica,20 475,22 713,24 952,24 284,23 677,23 165,23 629,9 981,11 242,12 503,12 248,12 024,11 765,12 008,10 494,11 471,12 449,12 036,11 653,11 400,11 621
   Martinique*,38 705,46 599,54 492,57 034,59 575,69 174,68 624,19 091,22 271,25 451,25 891,26 330,29 432,29 199,19 614,24 328,29 041,31 143,33 245,39 742,39 425
   Montserrat*,2 013,1 612,1 211,1 244,1 291,1 351,1 379,1 029,825,622,639,664,696,711,984,787,589,605,627,655,668
   Puerto Rico*,321 909,338 067,355 038,352 144,304 969,280 494,247 132,153 354,160 739,168 480,166 780,142 939,130 916,114 868,168 555,177 328,186 558,185 364,162 030,149 578,132 264
   Saint Kitts and Nevis,3 210,4 248,5 871,6 682,7 245,7 443,7 725,1 642,2 196,3 068,3 501,3 806,3 916,4 066,1 568,2 052,2 803,3 181,3 439,3 527,3 659
   Saint Lucia,5 305,7 155,9 871,9 839,9 050,8 673,8 338,2 618,3 563,4 960,4 841,4 377,4 179,4 004,2 687,3 592,4 911,4 998,4 673,4 494,4 334
   Saint Vincent and the Grenadines,3 970,4 135,4 307,4 436,4 569,4 637,4 738,1 928,2 011,2 099,2 198,2 302,2 355,2 443,2 042,2 124,2 208,2 238,2 267,2 282,2 295
   Sint Maarten (Dutch part)*,..,..,..,13 099,26 203,27 295,28 845,..,..,..,6 285,12 570,13 077,13 822,..,..,..,6 814,13 633,14 218,15 023
   Trinidad and Tobago,50 666,45 994,41 753,44 812,48 226,50 021,78 849,23 528,21 303,19 288,20 647,23 152,24 464,39 179,27 138,24 691,22 465,24 165,25 074,25 557,39 670
   Turks and Caicos Islands*,5 062,7 039,9 015,13 115,17 216,22 723,25 748,2 620,3 643,4 665,6 787,8 907,11 759,13 325,2 442,3 396,4 350,6 328,8 309,10 964,12 423
   United States Virgin Islands*,51 970,54 241,56 611,56 647,56 684,56 721,56 753,24 824,25 760,26 730,26 726,26 722,26 728,26 744,27 146,28 481,29 881,29 921,29 962,29 993,30 009
   Belize, 30 404,33 446,36 488,41 438,46 390,54 615,62 043,16 393,17 512,18 631,21 052,23 475,27 473,31 210,14 011,15 934,17 857,20 386,22 915,27 142,30 833
   Costa Rica,417 628,364 287,310 946,358 398,405 779,411 697,520 729,212 173,184 485,156 798,176 445,196 055,197 613,263 636,205 455,179 802,154 148,181 953,209 724,214 084,257 093
   El Salvador,47 360,39 537,31 713,36 029,40 342,42 059,42 767,22 218,18 564,14 909,17 034,19 157,20 006,20 344,25 142,20 973,16 804,18 995,21 185,22 053,22 423
   Guatemala,264 257,156 188,48 119,57 214,66 386,74 852,84 311,112 615,66 913,21 211,26 048,30 919,35 728,39 916,151 642,89 275,26 908,31 166,35 467,39 124,44 395
   Honduras,270 423,149 442,28 461,27 934,27 288,38 330,39 195,137 573,76 077,14 581,14 476,14 306,20 123,20 575,132 850,73 365,13 880,13 458,12 982,18 207,18 620
   Mexico,695 674,458 549,538 051,712 648,969 710,1 013 691,1 197 624,348 353,229 589,270 896,359 724,490 779,508 232,601 509,347 321,228 960,267 155,352 924,478 931,505 459,596 115
   Nicaragua,41 421,26 619,30 389,34 919,37 345,40 261,42 167,20 860,13 364,15 423,17 774,19 135,20 723,21 683,20 561,13 255,14 966,17 145,18 210,19 538,20 484
   Panama,62 744,70 848,83 410,109 461,157 788,184 710,313 165,33 148,36 740,42 437,55 632,81 203,94 841,167 057,29 596,34 108,40 973,53 829,76 585,89 869,146 108
   Argentina,1 649 919,1 595 069,1 540 219,1 674 163,1 805 957,2 086 301,2 281 728,788 130,753 027,717 924,775 308,831 696,960 310,1 062 533,861 789,842 042,822 295,898 855,974 261,1 125 991,1 219 195
   Bolivia (Plurinational State of),73 758,83 598,92 658,107 745,122 846,143 008,164 121,37 549,42 806,47 665,56 019,64 380,74 949,85 961,36 209,40 792,44 993,51 726,58 466,68 059,78 160
   Brazil,798 517,741 557,684 596,638 582,592 640,710 304,1 079 708,426 147,396 152,366 156,343 019,319 921,383 457,582 881,372 370,345 405,318 440,295 563,272 719,326 847,496 827
   Chile,107 501,142 417,177 332,276 360,375 388,639 724,1 645 015,54 547,69 632,84 717,131 414,178 111,319 714,830 073,52 954,72 785,92 615,144 946,197 277,320 010,814 942
   Colombia,104 277,106 943,109 609,106 523,130 309,159 407,1 905 393,53 109,54 666,56 223,54 938,68 391,85 158,953 735,51 168,52 277,53 386,51 585,61 918,74 249,951 658
   Ecuador,78 663,115 093,151 523,189 893,375 253,387 513,784 787,38 531,57 879,77 227,97 472,193 497,200 352,406 860,40 132,57 214,74 296,92 421,181 756,187 161,377 927
   Falkland Islands (Malvinas)*,855,868,1 067,1 166,1 436,1 571,1 957,488,510,636,675,807,873,1 089,367,358,431,491,629,698,868
   French Guiana*,63 612,70 131,76 649,86 468,96 288,106 108,119 249,34 843,36 869,38 895,42 729,46 564,50 399,56 642,28 769,33 262,37 754,43 739,49 724,55 709,62 607
   Guyana,4 095,6 352,8 610,10 868,8 182,8 661,31 169,2 200,3 405,4 611,5 817,4 530,4 794,14 497,1 895,2 947,3 999,5 051,3 652,3 867,16 672
   Paraguay,195 884,186 570,176 608,168 243,160 299,156 462,169 567,102 816,97 869,92 052,87 698,83 394,81 303,88 311,93 068,88 701,84 556,80 545,76 905,75 159,81 256
   Peru,56 688,56 732,66 300,77 877,104 706,154 774,1 224 519,28 376,28 062,32 839,38 959,56 097,91 090,642 404,28 312,28 670,33 461,38 918,48 609,63 684,582 115
   Suriname,18 083,22 320,27 506,33 662,39 713,43 127,47 801,9 767,12 091,14 938,18 338,21 658,23 544,26 271,8 316,10 229,12 568,15 324,18 055,19 583,21 530
   Uruguay,98 116,93 428,88 874,82 317,76 303,78 799,108 267,45 830,43 427,41 095,37 658,34 535,35 642,50 937,52 286,50 001,47 779,44 659,41 768,43 157,57 330
   Venezuela (Bolivarian Republic of),1 025 009,1 019 996,1 013 738,1 076 474,1 347 347,1 404 448,1 324 193,517 579,513 473,508 682,538 197,676 261,703 458,652 823,507 430,506 523,505 056,538 277,671 086,700 990,671 370
   Bermuda*,15 683,16 676,17 684,18 108,18 547,19 212,19 739,7 557,8 044,8 540,8 783,9 035,9 421,9 724,8 126,8 632,9 144,9 325,9 512,9 791,10 015
   Canada,4 333 318,4 864 778,5 511 914,6 078 985,6 761 226,7 428 657,8 049 323,2 109 652,2 356 105,2 659 135,2 915 838,3 236 539,3 533 164,3 828 361,2 223 666,2 508 673,2 852 779,3 163 147,3 524 687,3 895 493,4 220 962
   Greenland*,9 282,7 121,6 601,6 556,6 091,6 009,5 899,6 472,4 875,4 616,4 461,4 119,3 951,3 822,2 810,2 246,1 985,2 095,1 972,2 058,2 077
   Saint Pierre and Miquelon*,1 099,1 320,1 458,1 147,1 017,986,998,560,682,756,597,531,516,523,539,638,702,550,486,470,475
   United States of America*,23 251 026,28 451 053,34 814 053,39 258 293,44 183 643,48 178 877,50 632 836,11 372 985,14 032 159,17 310 785,19 614 878,21 694 169,23 446 873,24 478 996,11 878 041,14 418 894,17 503 268,19 643 415,22 489 474,24 732 004,26 153 840
   Australia*,3 955 213,4 153 330,4 386 250,4 878 030,5 882 980,6 729 730,7 685 860,2 013 196,2 093 280,2 189 900,2 419 190,2 922 030,3 343 330,3 812 187,1 942 017,2 060 050,2 196 350,2 458 840,2 960 950,3 386 400,3 873 673
   New Zealand*,518 047,588 617,678 813,839 952,947 443,1 039 736,1 381 724,258 223,289 230,329 927,407 690,459 047,502 787,668 164,259 824,299 387,348 886,432 262,488 396,536 949,713 560
   Fiji,13 283,13 001,12 719,12 434,13 357,13 751,14 087,6 847,6 726,6 601,6 563,7 143,7 421,7 601,6 436,6 275,6 118,5 871,6 214,6 330,6 486
   New Caledonia*,37 673,43 662,49 651,55 405,61 158,68 881,73 141,20 885,23 908,26 932,29 909,32 886,36 181,38 284,16 788,19 754,22 719,25 496,28 272,32 700,34 857
   Papua New Guinea,33 710,33 526,26 304,29 971,30 425,30 940,31 068,19 362,19 832,15 874,17 851,18 466,18 734,18 895,14 348,13 694,10 430,12 120,11 959,12 206,12 173
   Solomon Islands,4 226,4 178,3 981,3 271,2 760,2 585,2 520,2 349,2 328,2 224,1 830,1 546,1 450,1 415,1 877,1 850,1 757,1 441,1 214,1 135,1 105
   Vanuatu,2 308,2 461,2 626,2 800,2 991,3 186,3 257,1 269,1 295,1 320,1 398,1 487,1 583,1 619,1 039,1 166,1 306,1 402,1 504,1 603,1 638
   Guam*,69 755,71 912,74 070,74 743,75 416,76 089,80 472,39 364,38 822,38 280,38 602,38 924,39 246,41 508,30 391,33 090,35 790,36 141,36 492,36 843,38 964
   Kiribati,2 162,2 223,2 283,2 487,2 868,2 919,3 126,1 107,1 139,1 188,1 312,1 512,1 539,1 650,1 055,1 084,1 095,1 175,1 356,1 380,1 476
   Marshall Islands,1 158,1 480,1 891,2 417,3 089,3 284,3 298,721,916,1 164,1 485,1 895,2 011,2 021,437,564,727,932,1 194,1 273,1 277
   Micronesia (Fed. States of),3 685,3 342,3 116,2 905,2 806,2 756,2 832,2 099,2 119,1 721,1 565,1 503,1 473,1 515,1 586,1 223,1 395,1 340,1 303,1 283,1 317
   Nauru,2 815,2 605,2 394,2 253,906,1 833,2 201,1 506,1 395,1 283,1 208,486,1 037,1 297,1 309,1 210,1 111,1 045,420,796,904
   Northern Mariana Islands*,26 593,32 376,40 122,37 542,24 168,21 648,21 843,14 261,15 847,17 387,15 977,10 223,9 100,9 183,12 332,16 529,22 735,21 565,13 945,12 548,12 660
   Palau,2 801,4 749,6 310,6 043,5 490,4 937,5 088,1 800,2 808,3 905,3 620,3 211,2 996,2 888,1 001,1 941,2 405,2 423,2 279,1 941,2 200
   American Samoa*,21 283,23 098,24 912,24 233,23 555,23 513,23 608,11 175,12 037,12 898,12 498,12 098,11 998,12 047,10 108,11 061,12 014,11 735,11 457,11 515,11 561
   Cook Islands*,2 587,2 686,2 785,3 277,3 769,4 168,4 579,1 443,1 497,1 552,1 724,1 895,2 090,2 290,1 144,1 189,1 233,1 553,1 874,2 078,2 289
   French Polynesia*,25 830,28 360,30 329,32 286,31 640,30 058,30 081,15 444,16 689,17 604,18 405,18 037,17 136,17 150,10 386,11 671,12 725,13 881,13 603,12 922,12 931
   Niue*,461,480,498,522,589,588,588,245,257,268,282,319,319,319,216,223,230,240,270,269,269
   Samoa,3 357,4 694,5 998,5 746,5 122,4 255,4 021,1 771,2 451,3 101,2 940,2 594,2 151,2 031,1 586,2 243,2 897,2 806,2 528,2 104,1 990
   Tokelau*,360,506,712,1 003,1 128,1 185,1 238,196,268,366,500,543,564,586,164,238,346,503,585,621,652
   Tonga,2 911,3 274,3 684,4 301,4 607,3 954,3 742,1 488,1 718,1 981,2 324,2 503,2 158,2 044,1 423,1 556,1 703,1 977,2 104,1 796,1 698
   Tuvalu,318,263,218,209,220,230,239,180,148,121,115,121,126,132,138,115,97,94,99,104,107
   Wallis and Futuna Islands*,1 402,1 704,2 015,2 191,2 111,2 050,2 040,726,872,1 018,1 107,1 066,1 035,1 030,676,832,997,1 084,1 045,1 015,1 010
